1	会う	あう	1	自五	遇见
1☆	家	いえ	2	名	家
1	上	うえ	0	名	上
1	絵	え	1	名	画,图画
1	甥	おい	0	名	侄,外甥
1☆	顔	かお	0	名	脸
1	聞く	きく	0	他五	听,问
1	杭	くい	1	名	椽子
1	毛	け	0	名	毛
1	声	こえ	1	名	声音
1☆	酒	さけ	0	名	酒
1	試合	しあい	0	名	比赛
1	少し	すこし	2	副	少量
1	世界	せかい	1,2	名	世界
1	そこ	そこ	0	代	那里
1	高い	たかい	2	形	高的,贵的
1	近い	ちかい	2	形	近的
1☆	机	つくえ	0	名	书桌
1	手	て	1	名	手
1	年	とし	2	名	年龄,岁月
1	中	なか	1	名	里面
1☆	肉	にく	2	名	肉
1☆	布	ぬの	0	名	布
1	猫	ねこ	1	名	猫
1	残す	のこす	2	他动	留下
1☆	箸	はし	1	名	筷子
1	人	ひと	0,2	名	人
1	船	ふね	1	名	船
1	下手	へた	2	形动	拙劣
1☆	星	ほし	0	名	星星
1	前	まえ	1	名	前面
1☆	耳	みみ	2	名	耳朵
1	昔	むかし	0	名	从前
1	目	め	1	名	眼睛
1	物	もの	2	名	东西
1	山	やま	2	名	山
1	雪	ゆき	2	名	雪
1	良い	よい	1	形	出色的,好的
1	楽	らく	2	名,形动	快乐
1	理解	りかい	1	名,他サ	舒服,理解
1	留守	るす	1	名	外出,不在家
1	歴史	れきし	0	名	历史
1	六	ろく	2	名	六
1	私	わたし	0	代	我
1	悪い	わるい	2	形	坏的
1	寝室	しんしつ	0	名	寝室
1	日本	にほん	2	名	日本
1	布団	ふとん	0	名	被褥
1☆	本	ほん	1	名	书
1	万年筆	まんねんひつ	3	名	钢笔
1	アクセント	accent	1	名	声调
1	インク	ink	1	名	墨水
1	クラス	class	1	名	班级
1☆	タオル	towel	1	名	毛巾
1	テキスト	text	1	名	教科书
1	トイレ	toilet	1	名	厕所
1☆	ナイフ	knife	1	名	小刀
1☆	ハンカチ	handkerchief	0,4	名	手帕
1	ホテル	hotel	1	名	饭店,旅馆
1	レモン	lenon	0,1	名	柠檬
2	外国	がいこく	0	名	外国
2☆	技師	ぎし	1	名	技师
2	具合	ぐあい	0	名	情形
2	元気	げんき	1	名,形动	精力,健康
2☆	ご飯	ごはん	1	名	饭,米饭
2☆	一月	いちがつ	4	名	一月
2☆	鍵	かぎ	2	名	钥匙
2	家具	かぐ	1	名	家具
2☆	髭	ひげ	0	名	胡子
2	林檎	りんご	0	名	苹果
2	座席	ざせき	0	名	座位
2☆	事故	じこ	1	名	事故
2	地図	ちず	0	名	地图
2	ゼミ	seminar	1	名	小组讨论（研究）
2	俗語	ぞくご	0	名	俗语
2☆	大学	だいがく	0	名	大学
2	縮む	ちぢむ	0	自五	缩小,缩短
2	続く	つづく	0	自五	继续
2	電話	でんわ	0	名	电话
2☆	ドア	door	1	名	门
2	場合	ばあい	0	名	场合
2☆	ビザ	visa	1	名	签证
2☆	豚	ぶた	0	名	猪
2	便利	べんり	1	名,形动	方便
2	僕	ぼく	1,0	代	我(男子用语)
2	パンダ	panda	1	名	熊猫
2☆	ピンク	pink	1	名	粉红色
2☆	プラス	plus	1	名	加号,正数
2	ペン	pen	1	名	钢笔
2	ポスト	post	1	名	邮筒,信箱
2	初めまして	はじめまして	4	寒暄语	初次见面
2	前文	ぜんぶん	0,1	名	前文
2	魯	ろ	　	专	鲁(姓氏)
2	貴方	あなた	2	代	你
2	李	り	　	专	李(姓氏)
2	あの人	あのひと	2	代	那个人
2	顧	こ	　	专	顾(姓氏)
2	日本語科	にほんごか	5	名	日本语专业
2	一年	いちねん	2	名	一年,一年级
2	二年	にねん	2	名	二年,二年级
2	三年	さんねん	2	名	三年,三年级
2	服	ふく	2	名	衣服
2	それ	それ	0	代	那个
2	あれ	あれ	0	代	那个(远称)
2	会話	かいわ	0	名	会话
2	すみません	すみません	4	组	对不起
2	はい	はい	1	叹	(答应声)是,是的
2	どなた	どなた	1	代	哪一位
2	よろしくおねがいします	よろしくおねがいします	　	寒暄语	请多多关照
2	こちら	こちら	0	代	这边,这位,这方面
2	こちらこそ	こちらこそ	4	组	哪儿的话,岂敢岂敢
2☆	荷物	にもつ	1	名	行李,货物
2	何	なん	1	代	什么
2	どれ	どれ	1	代	哪一个
2	これ	これ	0	代	这个
2	では	では	1	接	那么
2	案内します	あんないします	3	他サ	陪同,带路
3☆	日記	にっき	0	名	日记
3☆	テーブル	table	0	名	饭桌
3☆	学校	がっこう	0	名	学校
3☆	部屋	へや	2	名	房间；屋子
3	二階	にかい	0	名	二楼
3	あります	あります	3	自五	有；在
3☆	椅子	いす	0	名	椅子
3☆	三つ	みっつ	3	数	三个,三岁
3	六つ	むっつ	3	数	六个,六岁
3	ベッド	Bed	1	名	床
3	四つ	よっつ	0	数	四个,四岁
3	テレビ	television	1	名	电视机
3	学生	がくせい	0	名	学生
3	クラブ	Club	1	名	俱乐部
3	浴室	よくしつ	0	名	浴室
3	一階	いっかい	0	名	一楼
3	そうですか	そうですか	1	组	表示轻微的感动或惊讶（是,么）
3	何	なに	1	代	什么
3☆	いくつ	いくつ	1	名	多少,几个,几岁
3	いいえ	いいえ	3	叹	（用于否定的回答）不,不是
3	どこ	どこ	1	代	何处,哪里
3	さあ	さあ	1	叹	用于劝诱、催促或迟疑
3	此処	ここ	0	代	这儿,这里
3☆	本棚	ほんだな	1	名	书架,书橱
3	彼処	あそこ	0	代	那儿,那里（远称）
3	違います	違います	4	自五	不同,不对
3	色色	いろいろ	0	名,副，形动	各种各样,形形色色
3	どうもありがとうございます	どうもありがとうございます	　	寒暄语	谢谢
3	どういたいました	どういたいました	　1	寒暄语	不用谢
3	失礼します	しつれいします	　	自サ	告辞
3	さようなら	さようなら	4,0	组	再见
4☆	牛肉	ぎゅうにく	0	名	牛肉
4☆	お婆さん	おばんさん	2	名	祖母、奶奶
4	評判☆	ひょうばん	0	名	评价
4	寮☆	りょう	1	名	宿舍
4	学園都市	がくえんとし	5	名	大学城
4	辺り	あたり	1	名	附近、周围
4	キャンパス	campus	1	名	大学校园
4	皆	みんな	0	副	全部、都
4	新しい	あたらしい	4	形	新的
4	私たち	わたしたち	3	代	我们
4	建物	たてもの	2,3	名	建筑物
4	図書館	としょかん	3	名	图书馆
4	その	その	0	连体	那
4	閲覧室	えつらんしつ	3	名	阅览室
4	あの	あの	0	连体	那（远称）
4☆	朝	あさ	1	名	早晨
4☆	教室	きょうしつ	1	名	教室
4	います	います	2	自一	有,在
4	午後	ごご	1	名	下午
4	夜	よる	1	名	晚上,夜里
4☆	広場	ひろば	1	名	广场
4	池	いけ	2	名	池,池子
4☆	綺麗	きれい	1	形动	漂亮的,干净的
4	地下鉄	ちかてつ	0	名	地铁
4	駅	えき	1	名	车站
4	交通	こうつう	0	名	交通
4	とても	とても	0	副	很、非常
4	これから	これから	0,4	组	从现在起,现在
4	わざわざ	わざわざ	1	副	故意,故意地
4	広い	ひろい	2	形	宽敞的
4	ええ	ええ	1	叹	（表示答应）唉；好吧
4	立派	りっぱ	0	形动	美观的,出色的
4	体育館	たいいくかん	3,4	名	体育馆
4	いつも	いつも	1	副	经常，平日
4	誰	だれ	1	代	谁
4☆	留学生	りゅうがくせい	3,4	名	留学生
4	友人	ゆうじん	0	名	友人、朋友
4	どの	どの	1	连体	哪个
4	赤い	あかい	0,2	形	红的
4☆	静か	しずか	1	形动	安静的
4☆	賑やか	にぎやか	2	形动	热闹的
4	所	ところ	0,3	名	地方
4	何人	なんにん	1	名	多少人
4	万	まん	1　	数	万
4	花	はな	2	名	花
4	草	くさ	2	名	草
4	沢山	たくさん	0,3	副	许多，很多
4	あっ	あっ	1	叹	（表示吃惊、惊讶等）啊
4	食堂	しょくどう	0	名	食堂
4	もう	もう	1	副	已经；快要
4	食事	しょくじ	0	名	用餐
4	時間	じかん	0	名	时间
5	ワイタン	ワイタン	0	专	外滩
5	無錫	むしゃく	1	专	无锡,城市名
5	国慶節	こっけいせつ	3	专	国庆节
5	天気	てんき	1	名	天气
5	それで	それで	0	接	因此，所以
5	行く	いく	3	自五	去
5	西	にし	0	名	西、西方
5	英語名	えいごめい	3	名	英语名
5	バント	bund	0	名	滨海大道
5☆	エキゾチック	exotic	4	形动	异国情调
5	古い	ふるい	2	形	旧的、老的、从前的
5☆	向こう側	むこうがわ	0	名	对面、另一侧
5	東	ひがし	3	名	东、东方
5☆	風景	ふうけい	1	名	风景
5	現代	げんだい	1	名	现代
5	文化	ぶんか	1	名	文化
5	コントラスト	contrast	1,4	名	对比，对照
5	なかなか	なかなか	0	副	很、相当
5	こんにちは	こんにちは	0	寒暄语	你好
5	お元気ですか	おげんきですか	2	寒暄语	你好吗？
5	おかげさまでげんきです	　	　	寒暄语	谢谢，我很好
5☆	初めて	はじめて	2	副	初次
5	家	うち	2	名	家
5	良い	いい	1	形动	好的
5	中	なか	0	名	中心
5	凄い	すごい	2	形动	很甚的，好得很的
5☆	人出	ひとで	0	名	外出的人群
5☆	観光客	かんこうきゃく	3	名	游客
5	大勢	おおぜい	3	名	很多人
5	銀行	ぎんこう	0	名	银行
5	塔	とう	1	名	塔
5	東方名珠	とうほうめいじゅ	5	专	东方明珠
5	テレビ塔	テレビとう	0	名	电视塔
5☆	シンボル	symbol	1	名	象征
5	どのぐらい	どのぐらい	0,1	组	多少
5	メートル	meter	0	名	公尺、米
5	近く	ちかく	2	名	附近
5☆	ビル	building	1	名	大楼、大厦
5☆	センター	center	1	名	中心、中央
6	生活	せいかつ	0	名	生活
6☆	毎朝	まいあさ	1	名	每天早晨
6	起きる	おきる	2	自一	起床
6	よく	よく	1	副	经常，很好地
6	運動場	うんどうじょう	0	名	运动场
6	バスケットボール	basketball	6	名	篮球
6	ラジオ体操	ラジオたいそう	4　	名	广播体操
6	する	する	4	他サ	做，干，办
6	それから	それから	0	接	然后，其次
6	……語	……ご	0	接尾	…语
6	朗読	ろうどく	0	名，他サ	朗读
6	半	はん	　	接尾	…半
6	ごろ	ごろ	　	接尾	（时间的）左右
6	朝ご飯	あさごはん	3	名	早饭
6	食べる	たべる	2	他一	吃
6	うどん	うどん	0	名	面条，切面
6	肉まんじゅう	にくまんじゅう	3	名	肉包子
6	彼	かれ	1	代	他
6	あまり	あまり	0	副	（下接否定）（不）怎样，（不）很
6	そして	そして	0	接	而且
6	自転車	じてんしゃ	2	名	自行车
6	毎晩	まいばん	1	名	每晚
6	勉強	べんきょう	0	名，他サ	学习
6	帰る	かえる	1	自五	回家，回去
6	掛かる	かかる	2	自五	需要，花费
6☆	寝る	ねる	0	自一	睡，就寝
6	しかし	しかし	4	接	可是，但是
6	忙しい	いそがしい	2	形	忙的
6	大変	たいへん	0	副	非常
6	楽しい	たのしい	3	形	愉快，高兴的
6	木村	きむら	0	专	木村（姓氏）
6	おはようございます	おはようございます	　	寒暄语	早上好
6	来る	くる	1	自カ	来
6	何時	なんじ	1	名	几点
6	洗面所	せんめんじょ	0	名	化妆室，厕所
6	歯	は	1	名	牙齿
6	磨く	みがく	0	他五	擦，刷
6	洗う	あらう	0	他五	洗
6	どんな	どんな	1	连体	如何，怎样
6	運動	うんどう	0	名，自サ	运动
6☆	バドミントン	badminton	3	名	羽毛球
6	テニス	tennis	1	名	网球
6	午前	ごぜん	1,0	名	上午
6	体育	たいいく	1,0	名	体育
6	週	しゅう	1	名	星期
6	何時間	なんじかん	3	名	几个钟头，几小时
6	一日	いちにち	0	名	一天，一日，一昼夜
6	始まる	はじまる	0	自五	开始
6	終わる	おわる	0	自五	结束
6	放送	ほうそう	0	名,他サ	广播
6	時々	ときどき	0	副	有时，时时，经常
6	看る	みる	1	他一	看
6☆	新聞	しんぶん	0	名	报纸
6	読む	よむ	1	他五	念，朗读
6	日系企業	にっけいきぎょう	5	名	日企
6	会社員	かいしゃいん	1	名	公司职员
6	毎日	まいにち	1	名	每天
6	出掛ける	でかける	0	自一	外出、出门
6☆	市内	しない	1	名	市内
6	会社	かいしゃ	1	名	公司
6☆	郊外	こうがい	1	名	郊外、郊区
6	歩く	あるく	2	自五	走、步行
6	電車	でんしゃ	1,0	名	电气列车
6	込む	こむ	1	自五	拥挤
6	残業	ざんぎょう	0	名	加班
6	又	また	0	副	又、再、也
6☆	同僚　　　　　　　　　　　　　　	どうりょう	0	名	同僚、同事
6☆	付き合い	つきあい	0,3	名	交往、来往
6	ですから	ですから	1	接	因此、所以
6	大抵	たいてい	0	名，副	一般、大都
6	雑誌	ざっし	0	名	杂志
6☆	楽しむ　　　　　　　　　	たのしむ	3	他五	玩乐、享受
6	インナーネット　　　　　　　　　　	Internet	5	名	因特网、互联网
7☆	日曜日	にちようび	3	名	星期天
7	昨日	きのう	2	名	昨天
7	あんなに	あんなに	0	副	那样的，
7	素晴らしい	すばらしい	4	形	极佳，极美
7	本当に	ほんとうに	0	副	真的，真正
7	珍しい	めずらしい	4	形	罕见的，珍奇的
7	留学生	りゅうがくせい	4	名	留学生
7	呂	ろ	　	专	吕（姓氏）
7	一緒に	いっしょに	3	副	一起，一块儿
7	淮海路	わいかいろ	3	专	淮海路
7	第一ヤオハン	だいいちヤオハン	5	专	第一八佰伴
7	買い物	かいもの	0	名，自サ	买东西
7	一番	いちばん	2,0	名，副	第一，最
7	店	みせ	　	名	商店
7	お茶	おちゃ	2	名	茶
7	買う	かう	0	他五	买
7☆	文房具	ぶんぼうぐ	0	名	文具，文房四宝
7	食べ物	たべもの	3	名	食物，吃的东西
7	後	あと	4,3	名	以后
7	国際空港	こくさいくうこう	5	名	国际机场
7☆	乗る	のる	0	自五	乘、坐
7☆	レストラン	レストラン	1	名	餐馆
7	世紀公園	せいきこうえん	4	专	世纪公园
7☆	散歩	さんぽ	1	名，自サ	散步
7	登る                               	のぼる	0	自五	登、爬
7	美しい	うつくしい	4	形	美丽的、悦目的
7☆	景色	けしき	1	名	景色
7☆	眺める                       	ながめる	3	他一	眺望、远眺
7	映画館	えいがかん	0	名	电影院
7	面白い	おもしろい	3	形	有趣的
7	映画	えいが	4	名	电影
7☆	バス	bus	1	名	公共汽车
7	店	みせ	2	名	店铺、商铺
7	品物	しなもの	1	名	东西，物品
7☆	値段	ねだん	0	名	价格
7☆	一箱	ひとばこ	0	名	一箱，一盒
7	幾ら	いくら	2	名	多少钱
7	元	げん	1	名	元（我国的货币单位）
7	角	かく	1	名	角（我国的货币单位）
7	桜海亭                 	おうかいてい	0	专	樱海亭（餐馆名）
7	円	えん	1	名	日元（日本的货币单位）
7	安い	やすい	1	形	价钱便宜，低廉
7☆	チャーハン	チャーハン	3	名	炒饭
7	飲む	のむ	1	他五	喝
7☆	料理	りょうり	1	名，他サ	烹饪，饭菜
7	美味しい	おいしい	0	形	美味的，好吃的
7	一番	いちばん	2	副	最
7	公園                             	こうえん	0	名	公园
7☆	エレベーター	elevator	3	名	升降式电梯
7☆	展望台	てんぼうだい	0	名	瞭望台
7	新西遊記                     	しんさいゆうき	5	专	新西游记（电影名）
7	まだ	まだ	1	副	尚，还
7	長い	ながい	2	形	长的
7	復習	ふくしゅう	0	名，他サ	复习
7☆	勉強家	べんきょうか	0	名	学习用功的人
7	まだまだ	まだまだ	1	副	还，仍
7☆	日帰り	ひがえり	0,4	名	当天来回
7	幸い                            	さいわい	0	副	幸亏、幸而；正好
7	友達                                	ともだち	0	名	朋友、友人
7	蘇州                               	そしゅう	1	专	苏州（城市名）
7☆	高速電車                    	こうそくでんしゃ	5	名	高速电气列车
7☆	着く	つく	1、2	自五	到、到达
7	まず	まず	1	副	首先
7	観光バス	かんこうバス	5	名	观光车
7	虎丘                            	こきゅう	1	专	虎丘（园林名）
7	有名	ゆうめい	0	形动	有名的
7	西園	せいえん	1	专	西园
7	五百羅漢                      	ごひゃくらかん	4	名	五百罗汉
7☆	昼食	ちゅうしょく	0	名	午饭、午餐
7☆	寒山寺	かんざんじ	1	专	寒山寺（寺院名）
7☆	記念	きねん	0	名·他サ	纪念
7☆	撮る	とる	1	他五	拍摄
7	名園	めいえん	0	名	著名园林
7	獅子林                        	ししりん	2	专	狮子林（园林名）
7☆	庭園	ていえん	0	名	庭园
7☆	疲れる	つかれる	3	自一	疲倦、累
8☆	オリンピック	Olympic	4	0	奥林匹克
8☆	開催	かいさい	0	名，他サ	召开、举行
8☆	夏休み	なつやすみ	3	名	暑假
8	国家	こっか	1	名	国家
8☆	スタジアム                          	stadium	2	名	体育场（有田径场、观众席）
8	開会式	かいかいしき	3	名	开幕式
8	セレモニー	ceremony	1	名	典礼、仪式
8	観戦                           	かんせん	0	名、他サ	看比赛、观战
8☆	チーム	team	1	名	队、组、小组
8☆	応援	おうえん	0	名·他サ	助威、声援
8☆	マスコット	mascot	1,3	名	吉祥物
8	マーク	mark	1	名·他サ	（作）标记、（作）记号
8☆	エンブレム                            	emblem	1	名	徽章、标志
8☆	町                                     	まち	2	名	城镇、街
8	明るい                          	あかるい	0,3	形	明亮的、艳丽的
8	人々                             	ひとびと	2	名	人们、人人
8	親切                              	しんせつ	1	形动	热情友好的
8	優しい	やさしい	0	形	友善的、诚挚的
8☆	誕生日	たんじょうび	3	名	生日
8	迎える	むかえる	0	他一	迎接
8	年月日	ねんがつぴ	3	名	年，月，日
8	言い方	いいかた	0	名	说法
8	難しい	むずかしい	0	形	难得
8	習う	ならう	2	他五	学习
8☆	先週	せんしゅう	0	名	上周
8	何個月	なんかげつ	3	名	几个月
8	か月	かげつ	　	接尾	…个月
8	春	はる	1	名	春天
8	何月	なんがつ	1	名	几月（份）
8☆	気候	きこう	0	名	气候
8	どう	どう	1	副	如何，怎么样
8	暖かい	あたたかい	4	形	暖和，暖的
8	夏	なつ	2	名	夏天
8	暑い	あつい	2	形	（天气）热
8☆	秋	あき	1	名	秋天
8	涼しい	すずしい	3	形	凉的，凉爽的
8☆	冬	ふゆ	2	名	冬天
8	寒い	さむい	2	形	寒冷的
8	今月	こんげつ	0	名	本月，这个月
8	何日	なんにち	1	名	几号，几日
8	今年                               	ことし	0	名	今年
8	何年	なんねん	1	名	几年，哪一年
8	覚える	おぼえる	3	他一	记住，记得
8	感動	かんどう	0	名·自サ	感动
8	気持ち	きもち	0	名	心情、感觉、情绪
8	緊張	きんちょう	0	名·自サ	（精神）紧张
8☆	雰囲気	ふんいき	3	名	气氛
8	昼                                      	ひる	2	名	白昼、白天
8	多い	おおい	1	形	多的
8	部屋代	へやだい	0	名	房租
8	豊富	ほうふ	0.1	名，形动	丰富的
8☆	魚	さかな	0	名	鱼
8☆	新鮮	しんせん	0	形动	新鲜的
8☆	パーティー	party	1	名	派对，聚会
8	ちょうど	ちょうど	0	副	正好，刚好
8☆	失礼	しつれい	2	名，自サ	失礼，告辞，对不起
8	生まれる	うまれる	0	自一	诞生，出生
8	満	まん	1	连体	满，整，足
8	迎える	むかえる	0	他一	迎接
8	嬉しい	うれしい	3	形	高兴的
8	年中行事                  	ねんじゅうぎょうじ	5	名	每年定例的活动或事
8	正月	しょうがつ	4	名	正月；新年、元旦
8	雑煮	ぞうに	0	名	煮年糕
8☆	寺	てら	2	名	寺院
8☆	神社	じんじゃ	1	名	神社
8☆	参拝                    	さんぱい	0	名，自サ	参拜（神社、寺院）
8	節分                             	せつぶん	0	名	立春（立夏、立秋、立冬）的前一天 
8	ひな祭り                     	ひなまつり	3	名	偶人节，女儿节，桃花节
8	女の子                       	おんなのこ	3	名	女孩子
8	ひな人形                    	ひなにんぎょう	3	名	（偶人节摆设的）偶人 
8☆	飾る	かざる	0	他五	装饰
8	男の子                       	おとこのこ	3	名	男孩
8☆	祭り                                	まつり	0,3	名	祭祀、庙会；（纪念）仪式
8	鯉幟                                      	こいのぼり	3	名	鲤鱼旗、
8	立てる：                             	たてる	2	他一	立起、扬起
8	七夕                             	たなばた	0	名	七夕
8☆	中旬	ちゅうじゅん	1,0	名	中旬
8	お盆	おぼん	0	名	盂兰盆
8	満月	まんげつ	1	名	圆月
8☆	月見                                  	つきみ	3	名	赏月、观月
8	前後                                 	ぜんご	1	名	前后
8	運動会	うんどうかい	3	名	运动会
9	家族	かぞく	1	名	家族，家属
9	鈴木	すずき	0	专	铃木（姓氏）
9	戻る	もどる	2	自五	回家，返回，倒退
9☆	訪ねる	たずねる	3	他一	访问
9	見せる	みせる	2	他一	给…看，显示
9	上野公園	うえのこうえん	4	名	上野公园
9☆	花見	はなみ	3	名	赏樱花
9	青い	あおい	2	形	青，蓝，幼稚
9☆	セーター	sweater	1	名	毛衣
9	着る	きる	0	他一	穿衣
9	ネクタイ	necktie	1	名	领带
9	締める	しめる	2	他一	系（领带）
9	黄色い	きいろい	0	形	黄色的
9	穿く	はく	0	他五	穿
9	黒い	くろい	1	形	黑色的
9	眼鏡	めがね	2	名	眼睛
9	掛ける	かける	2	他一	戴（眼睛），打（电话）
9	白い	しろい	0	形	白的
9	帽子	ぼうし	2	名	帽子
9	かぶる	かぶる	2	他五	戴（帽子）
9	一家	いっか	1	名	一家
9	いらっしゃい	いらっしゃい	4	叹	欢迎光临
9	暫く	しばらく	2	副，名	暂时，不久，许久
9	御無沙汰	ごぶさた	　	名，自サ	久未问候
9☆	国	くに	0	名	故乡，国土，国家
9	皆さん	みなさん	0,1	代	各位，大家
9	時                                   	とき	2	名	时刻，时候
9	東京                               	とうきょう	0	专	东京（地名）
9	知る	しる	0	他五	晓得，知道
9	或る	ある	1	连体	某
9	歌	うた	2	名	歌
9☆	歌う	うたう	0	他五	唱歌
9	踊り	おどり	0	名	舞蹈
9	踊る	おどる	0	自五	跳舞
9	美しい	うつくしい	4	形	美丽的
9	楽しむ	たのしむ	3	形	享受，欣赏，快乐
9	方                                       	ほう	1	名	方、方面
9	両親	りょうしん	4	名	双亲
9	兄	あに	4	名	哥哥
9	姉	あね	0	名	姐姐
9	弟	おとうと	1	名	弟弟
9	妹	いもうと	1	名	妹妹
9☆	大家族	だいかぞく	3	名	大家庭
9☆	少子化	しょうしか	0	名	少子化
9☆	時代	じだい	0	名	时代
9☆	家庭	かてい	1	名	家庭
9	方	かた	　	接尾	（人的敬称）人
9	父	ちち	2	名	父亲
9	貿易会社               	ぼうえきがいしゃ	5	名	贸易公司
9☆	勤める	つとめる	3	自一	工作、任职
9	働く	はたらく	0	自五	工作，干活
9☆	スーパー    	supermarket	1	名	（スーパーマーケット的略语）自选市场、超级市场
9	出る	でる	1	自一	毕业，出来，走到
9☆	病院	びょういん	0	名	医院
9☆	スチュワーデス	stewardess	3	名	空姐
9	アメリカ                         	America	0	专	美国（国名）
9	住む	すむ	1	自五	居住
9☆	結婚	けっこん	0	名，自サ	结婚
9	外	ほか	0	名	别处，其他
9	じゃ	じゃ	1	接尾	那么
9	だんだん	だんだん	0	副，名	渐渐地
9☆	核家族	かくかぞく	3	名	小家庭
9	なる	なる	1	自五	成为
9☆	万博                         	ばんぱく	0	名	万国博览会、世博会
9	盧穂大橋                     	ろほたいきょう	3	专	卢浦大桥
9	市民                              	しみん	1	名	市民
9	憩い                                 	いこい	0	名	休息、歇息
9	場                                        	ば	0	名	场所。地方
9	空	そら	1	名	天空
9☆	晴れる                           	はれる	2	自一	放晴
9	日	ひ	0	名	太阳
9	差す                              	さす	1	自五	照射
9☆	木の葉	このは	1	名	树叶
9	きらきら	きらきら	1	副	闪耀
9☆	光る	ひかる	2	自五	发光、发亮
9	咲く	さく	0	自五	开花
9	小鳥	ことり	0	名	小鸟
9	鳴く	なく	0	自五	（鸟等）叫
9	飛ぶ	とぶ	0	自五	飞
9	川	かわ	2	名	河
9	流れる	ながれる	3	自一	流、流逝
9☆	鯉	こい	1	名	鲤鱼
9☆	泳ぐ	およぐ	2	自五	游泳
9	子供	こども	0	名	孩子
9☆	遊ぶ                              	あそぶ	0	自五	玩、游戏
9	ぶらんこ	ぶらんこ	1,2	名	秋千
9☆	親	おや	2	名	父母、双亲
9	側·傍	そば	1	名	附近、旁边
9☆	老人	ろうじん	0	名	老人
9	ベンチ	bench	1	名	长椅
9	休み	やすみ	2	自五	休息、缺勤
9	男	おとこ	0	名	男子
9☆	ボール                              	ball	0	名	球
9	投げる	なげる	2	他一	投、抛、扔、掷
9	女	おんな	3	名	女子
10	連休	れんきゅう	0	名	连休、长假
10	飛行機                           	ひこうき	2	名	飞机
10☆	航空券	こうくうけん	3	名	机票
10	夕食	ゆうしょく	0	名	晚餐
10☆	海岸	かいがん	0	名	海岸、海边
10	入れる	いれる	0	他一	连…在内；放入
10	末っ子	すえっこ	0	名	小女儿，小儿子
10	研究所	けんきゅうじょ	0	名	研究所
10☆	定年退職	ていねんたいしょく	5	名	退休
10	中学校	ちゅうがっこう	3	名	中学
10	ビール	ビール	1	名	啤酒
10	プレゼント               	present	2	名•他サ	赠送礼物；礼物
10	ごめんください	ごめんください	　	组	（叫门）主人在家吗？我可以进来吗？
10	どうぞ	どうぞ	1	副	请
10	おかまいなく	おかまいなく	5	组	请别张罗
10	もちろん	もちろん	2	副	当然，不言而喻
10☆	海	うみ	1	名	大海
10	母	はは	1	名	母亲
10☆	紡績工場	ぼうせきこうじょう	5	名	纱厂
10☆	卒業	そつぎょう	6	名，自サ	毕业
10☆	教師	きょうし	1	名	教师
10	間	あいだ	0	名	期间，之间
10	地域	ちいき	1	名	地域、地区
10☆	見学	けんがく	0	名，他サ	参观学习
10☆	発展	はってん	0	名，自サ	发展
10	ずいぶん	ずいぶん	1	副	非常、顺
10☆	速い	はやい	2	形	快速的
10	驚く	おどろく	3	自五	吃惊，惊讶
10	お邪魔しました	おじゃましました	　	组	打扰了
10	そろそろ	そろそろ	1	副	就要，慢慢地，渐渐
10	気をつけて	きをつけて	3	组	注意
10	手紙	てがみ	0	名	信
10	秋冷	しゅれい	0	名	秋寒
10	研修旅行	けんしゅうりょこう	5	名	进修旅行
10	経つ	たつ	1	自五	（时间）流逝
10	雨	あめ	1	名	雨
10	降る	ふる	1	自五	下（雨、雪）
10	講義	こうぎ	1,3	名•他サ	讲义、课程
10	大変	たいへん	0	形动	够呛
10	地元	じもと	0,3	名	当地，本地
10	寂しい                          	さびしい	3	形	寂寞的
10	騒がしい	さわがしい	4	形	吵闹的、喧嚣的
10	土産話                 	みやげばなし	4	名	旅途见闻
10	御馳走                           	ごちそう	0	名•他サ	款待、宴请；好吃的食物
10	作る	つくる	2	他五	作、制
10	待つ	まつ	1	他五	等待
10	健康	けんこう	0	名•形动	健康
10	活躍	かつやく	0	名•自サ	活跃、显身手
10	祈る	いのる	2	他五	祈祷、祈求、祝愿
11☆	趣味	しゅみ	1	名	兴趣
11☆	スポーツ	sports	2	名	运动
11	やる	やる	0	他五	做，干
11	中華料理	ちゅうかりょうり	4	名	中国菜，中餐
11	大好き	だいすき	1	形动	非常喜欢
11	北京料理	ペキン　りょうり	4	专	北京菜
11	上海料理	しゃんはいりょうり	5	专	上海菜
11	四川料理	しせんりょうり	4	专	四川菜
11	酢豚	すぶた	1	名	古老肉
11	初め	はじめ	0	名，副	最初
11	辛い	からい	2	形	辣的
11☆	嫌い	きらい	0	形动	讨厌
11☆	音楽	おんがく	1	名	音乐
11	ジャズ                                	jazz	1	名	爵士乐
11☆	ロック(ロックンロールの略)	rock’n’roll	1	名	摇滚乐
11☆	クラスシック	classic	2、3	名，形动	古典的，古典作品，名著
11	皆	みな	0	代，副	全，都，全体
11	出来る	できる	2	自一	能，会，出产，做完
11	人気がある	にんきがある	　	组	受欢迎
11	クラスメート	クラスメート	1	名	同班同学
11	ピンポン	ピンポン	1	名	乒乓球
11☆	チャンネル	チャンネル	1	名	（无线电，电视）波道，频道
11	番組	ばんぐみ	4,0	名	（广播的）节目
11	内容	ないよう	0	名	内容
11	豊か	ゆたか	1	形动	丰富，富裕，充裕
11	陳	ちん	1	专	陈（姓氏）
11	張	ちょう	1	专	张（姓氏)
11☆	得意	とくい	2,0	名，形动	拿手，自鸣得意
11☆	苦手	にがて	3	形动	不擅长
11	以前	いぜん	1	名	以前
11	碁	ご	1	名	围棋
11☆	将棋	しょうぎ	0,1	名	（日本的）象棋
11	興味	きょうみ	1,3	名	兴趣，爱好
11	持つ	もつ	1	他五	拿，带，怀有，持有
11	最近	さいきん	0	名	最近、近来
11	鋤焼き	すきやき	0	名	日本式牛肉（鸡肉）火锅
11	納豆	なっとう	3	名	蒸后发酵的大豆
11	梅干し	うめぼし	0	名	腌的梅子
11	焼く	やく	0	他五	烤，烧，烧制
11☆	煮る	にる	0	他一	煮，炖
11	生	なま	1	名	生的
11	例えば	たとえば	2	副	例如，譬如
11	甘い	あまい	0	形	甜的，好说话，浅薄
11	塩辛い	しおからい	4	形	咸
11	最初	さいしょ	0	名，副	起初，开始
11	人間	にんげん	0	名	人，人类
11	心	こころ	2	名	心，气度，内心
11☆	伝える	つたえる	3	他一	告诉，传达，传给
11☆	スリラー	thriller	2	名	惊险
11	大学院生	だいがくいんせい	5	名	研究生
11	大学院	だいがくいん	4	名	大学研究生院
11☆	入学	にゅうがく	0	名，自サ	入学
11	分かる	わかる	2	自五	知道、明白
11☆	専門	せんもん	0	名	专业
11	中国史	ちゅうごくし	3	名	中国历史
11	小学生	しょうがくせい	3	名	小学生
11	車	くるま	0	名	汽车
11☆	運転	うんてん	0	名，他サ	驾驶
11☆	招待	しょうたい	1	名，他サ	招待、邀请
11	受ける	うける	2	他一	接受、遭受、受
11	引き受ける	ひきうける	4	他一	接受；承担
11	修士論文	しゅうしろんふん	4	名	硕士论文
11	書く	かく	1	他五	写
11	でも                                          	でも	1	接	可是，不过
11	将来	しょうらい	1	名	将来
11	研究	けんきゅう	0	名，他サ	研究
12	試験	しけん	2	名，他サ	考试，试验
12	問題	もんだい	0	名	题目，问题
12	聴解	ちょうかい	0	名	听解
12	文字	もじ	1	名	文字
12	語彙	ごい	1	名	词汇
12	読解	どっかい	0	名，自サ	读解
12	文法	ぶんぽう	0	名	语法
12	セクション	section	1	名	项目
12	大きな	おおきな	1	连体	大的
12	小さな	ちいさな	1	连体	小的
12☆	選択肢	せんたくし	4,3	名	选择分支
12☆	正しい	ただしい	3	形	正确的
12	答え	こたえ	2	名	回答
12☆	選ぶ	えらぶ	2	他五	选择
12	書き間違う	かきまちがう	5	他五	写错
12	書き直す	かきなおす	0	他五	重写
12	消しゴム	けしゴム	0,3	名	橡皮
12	消す	けす	0	他五	擦掉，抹掉，去掉，关（灯等）
12	開始	かいし	0	名，他サ	开始
12	ベル	bell	1	名	电铃
12	鳴る	なる	0	自五	响，鸣
12	このよう	このよう	3	形动	这样，如此
12	説明	せつめい	0	名，他サ	说明
12	厳しい	きびしい	3	形	严厉的，很甚的
12	一生懸命	いっしょうけんめい	5	名，副	拼命
12	頑張る	がんばる	3	自五	努力
12☆	予鈴	よれい	0	名	预备铃
12	席	せき	1,0	名	座位
12	問題用紙	もんだいようし	5	名	问题卷
12	解答用紙	かいとうようし	5	名	答卷
12☆	配る	くばる	2	他五	分发，分配
12	すぐ	すぐ	1	副	马上，距离很近
12	書き始める	かきはじめる	0	他一	开始写
12	始める	はじめる	5	他一	开始
12☆	注意事項	ちゅういじこう	4	名	注意事项
12	言う	いう	0	他五	说
12☆	名前	なまえ	0	名	名字
12	必ず	かならず	0	副	一定
12	鉛筆	えんぴつ	0	名	铅笔
12	使う	つかう	0	他五	用，使用
12	中	ちゅう	　	接尾	在…中，正在…中
12☆	カンニング	cunning	0	名▪自サ	作弊
12	資格	しかく	0	名	资格
12☆	取り消す	とりけす	0	他五	取消
12	質問	しつもん	0	名，自サ	提问
12	答える	こたえる	3	自一	回答
12	方	かた	　	接尾	表示方法
12	教える	おしえる	0	他一	教
12	全て	すべて	1	副	一切，全部
12	つける	つける	2	他一	划（圈），擦，涂，抹
12	解答欄	かいとうらん	3	名	回答栏
12	出す	だす	1	他五	交，拿出，提示
12	持ち帰る	もちかえる	0,3	他五	拿出、带回
12☆	採点	さいてん	0	名，他サ	打分、评分
12	途中	とちゅう	0	名	中途
12☆	印刷	いんさつ	0	名，他サ	印刷
12	あげる	あげる	0	他一	举，扬，提高
12	メモを取る	メモをとる	　	组	作笔记
12☆	規定	きてい	0	名，他サ	规定
12	考える	かんがえる	4	他一	考虑，思维
12	汚い	きたない	3	形	肮脏，不干净
12	結果	けっか	0,1	名	结果
12☆	統計	とうけい	0	名，他サ	统计
12☆	延ばす	のばす	2	他五	伸展，延长，推迟
12☆	守る	まもる	2	他五	遵守，保卫
12☆	コンピューター	computer	3	名	计算机
12	訪問		ほうもん	0	名	访问
12☆	マナー	manners	1	名	礼节、仪态
12	予め	あらかじめ	0	副	预先
12☆	日時	にちじ	1	名	日期和时间
12	約束	やくそく	0	名·他サ	约定
12	早い	はやい	2	名	早的
12☆	入る                            	はいる	1	自五	进入；加入；到手
12☆	チャイム                     	chime	1	名	门铃
12☆	鳴らす                      	ならす	0	他五	鸣、啼、使…出声音
12	勝手	かって	0	形动	任意、随便
12	手土産                                        	てみやげ	 2	名	随手携带的礼物、简单礼品
12	渡す	わたす	0	他五	交、给
12	こう	こう	1,0	副	如此、这样
12	細やか	ささやか	2	形动	一些、微薄的
12☆	生鮮食品	せいせんしょくひん	5	名	生鲜食品
12	礼	れい	1	名	礼仪、谢意
12	次に	つぎに	2	副	接着、下一次
12☆	先日                              	せんじつ	0	名	前几天、日前、上次
13	牧野	まきの	1	专	牧野（姓氏）
13	人	じん	　	接尾	（某种职业，某国，某地的）人
13☆	ラジオ講座	ラジオこうざ	4	名	广播讲座
13☆	思う	おもう	2	他五	想，认为
13☆	活動	かつどう	0	名，自サ	活动
13☆	夢	ゆめ	2	名	梦；梦想
13	ことわざ	ことわざ	4,0	名	谚语
13	録音	ろくおん	0	名，自サ	录音
13☆	経済	けいざい	1	名	经济
13☆	帰国	きこく	0	名，自サ	回国
13	研究者	けんきゅうしゃ	3	名	研究人员
13	欲しい	ほしい	2	形	（第一人称）想要
13☆	英語	えいご	0	名	英语
13☆	ステレオ	ステレオ	0	名	立体声，立体声设备
13	身につける	みにつける	　	组	掌握，带（穿）在身上
13☆	成功	せいこう	0	名，自サ	成功
13☆	祈る	いのる	2	他五	祈祷，祝愿
13☆	日中	にっちゅう	0	名	日汉，日本和中国
13☆	友好	ゆうこう	0	名	友好
13☆	深める	ふかめる	3	他一	加深，加强
13	不便	ふべん	1	名・形动	不方便
13	是非	ぜひ	1	副	务必、一定
13☆	決める	きめる	0	他一	决定
13☆	祖国	そこく	0	名	祖国
13	神舟号	しんしゅうごう	3	专	神舟号
13☆	宇宙船	うちゅうせん	0	名	宇宙飞船
13☆	設計	せっけい	0	名・他サ	设计、规划
13☆	模型	もけい	0	名	模型
13	少年時代                    	しょうねんじだい	5	名	少年时代
13	祖父                                 	そふ	1	名	祖父、外祖父
13☆	エンジニア	engineer	3	名	工程师
13☆	造船	ぞうせん	0	名・自サ	造船
13	跡	あと	1	名	家业、足迹
13☆	継ぐ	つぐ	0	他五	继承、接上
13☆	打ち上げ	うちあげ	0	名	打上去、发射
13	この間	このあいだ	0	名	前些天、不久以前
13	晩ご飯	ばんごはん	3	名	晚饭
13	にこにこ                              	にこにこ	1	副・自サ	笑眯眯
13	お前                                     	おまえ	0	代	（同辈间或对晚辈及妻子的昵称）你
14	挨拶	あいさつ	1	名，自サ	寒暄
14	言葉	ことは	3	名	语言；语句、单词
14	練習	れんしゅう	0	名，他サ	练习
14	通す	とおす	1	他五	通过（某种手段）
14	関係	かんけい	0	名	关系
14☆	昼間	ひるま	3	名	白天
14	季節	きせつ	2	名	季节
14	特に	とくに	1	副	尤其、特别
14☆	確かに	たしかに	1	副	的确，确实
14☆	一面	いちめん	0	名	一面
14☆	表す	あらわす	3	他五	表示，表现，表达
14☆	知識	ちしき	1	名	知识
14	漢字	かんじ	0	名	汉字
14☆	訓読み	くんよみ	0	名	训读
14	魚	うお	0	名	鱼
14	音読み	おんよみ	0	名	音读
14☆	熱帯魚	ねったいぎょ	3	名	热带鱼
14☆	別れる	わかれる	3	自一	分手，离别，分离
14	遣り取り	やりとり	2	名，他サ	交换，交谈
14☆	社交的	しゃこうてき	0	形动	社交性的
14☆	フランス	France	0	名	法国
14	ではまた	ではまた	　	组	回头见
14	バイバイ	bye-.e	0	寒暄语	再见
14	大人	おとな	0	名	大人，成年人
14☆	謝る	あやまる	3	自他五	道歉，折服
14	お互い	おたがい	0	名	彼此，互相
14☆	利益	りえき	1	名	好处，利益
14	喜び合う	よろこびあう	5	自他五	同乐
14	不利	ふり	1	名，形动	不利
14	悲しみ合う	かなしみあう	5	他五	一同悲伤
14	つまり	つまり	1	副	也就是，简言之
14☆	結び付ける	むすびつける	5	他一	（互相）结合，系上
14☆	親しい	したしい	3	形	（血缘）近的，亲近的
14	大切	たいせつ	0	形动	重要，珍惜
14	しっかり	しっかり	3	副，自サ	好好地，扎实地，可靠地
14	富士山	ふじさん	1	专	富士山（山名）
14☆	盛ん	さかん	0	形动	旺盛，热烈
14	彼ら	かれら	1	名	那些人、他人
14	欠かす	欠かす	2	他五	不足、缺少
14	日常	にちじょう	0	名	日常
14☆	迷う	まよう	2	自五	迷惑、犹豫不定
14☆	快刀乱麻	かいとうらんま	5	组	快刀斩乱麻
14	それとも	それとも	3	接	或是、还是
14☆	五里霧中	ごりむちゅう	1	组	五里雾里
14	首を傾げる                	くびをかしげる	6	组	因吃不准而思考
14☆	文章	ぶんしょう	1	名	文章
14☆	困る	こまる	2	自五	为难；难办
14	選択	せんたく	0	名･他サ	遴选、选择
14	やはり	やはり	2	副	仍然、还是；果然
14☆	忘れる                      	わすれる	0	他一	忘记
15	田	でん	　	专	田（姓氏）
15☆	捜す(探す)	さがす	0	他五	寻找，搜寻
15☆	申込書	もうしこみしょ	0,6	名	申请书
15	職員	しょくいん	2	名	职员
15☆	住所	じゅうしょ	1	名	住处
15	連絡先	れんらくさき	0	名	联络处，联系处
15	特技	とくぎ	1	名	特技，专长
15	算盤	そろばん	0	名	珠算，算盘
15	学科	がっか	0	名	学科
15☆	体験	たいけん	0	名，他サ	体验
15☆	時給	じきゅう	0	名	计时工资
15☆	交通費	こうつうひ	4	名	交通费
15☆	出る	でる	1	自一	被给予、得到
15☆	研修	けんしゅう	0	名·他サ	进修、培训
15☆	連絡	れんらく	0	名，自他サ	联系
15	知らせる	しらせる	0	他一	通知，告知
15	紹介	しょうかい	0	名，他サ	介绍
15	田国栄	でんこくえい	　	专	田国荣（人命）
15☆	丁寧	ていねい	1	形动	有礼貌，周到
15	どういう	どういう	1	连体	什么样的，怎么样的
15☆	意味	いみ	1	名	意思
15☆	専攻	せんこう	0	名，他サ	专业
15☆	ピアノ	piano	0	名	钢琴
15☆	志望	しぼう	0	名，他サ	志愿
15	動機	どうき	0,1	名	动机
15☆	応募	おうぼ	0	名，自サ	投考，应聘
15	理由	りゆう	0	名	理由
15	金	かね	0	名	钱
15☆	実力	じつりょく	0	名	实力
15☆	募集	ぼしゅう	0	名，他サ	募集，招募
15☆	広告	こうこく	0	名，他サ	广告，宣传
15	翻訳	ほんやく	0	名，他サ	翻译
15	どうして	どうして	1	副	为什么
15	如何	いかが	2	副	怎么样、如何
15☆	桔構	けっこう	0,3	名，形动，副	很好，满好，足够
15☆	職業	しょくぎょう	2	名	职业
15	毎年	まいとし	0	名	每年
15	中学	ちゅうがく	1	名	中学
15	高校	こうこう	0	名	高中
15	社会	しゃかい	1	名	社会
15	働き始める	はたらきはじめる	0	自五	开始工作
15	社会人	しゃかいじん	2	名	社会一员、走上社会参加工作的人
15	呼ぶ	よぶ	0	他五	叫做、叫来、呼喊
15	就職	しゅうしょく	0	名·自サ	就业
15	新入社員	しんにゅうしゃいん	5	名	公司新职员
15	医者	いしゃ	0	名	医生
15	俳優	はいゆう	0	名	演员
15☆	アンケート	法enquête	1,3	名	问卷调查
15	調査	ちょうさ	1	名·他サ	调查
15	公務員	こうむいん	3	名	公务员
15	工場	こうじょう	3	名	工厂
15	安定	あんてい	0	名·自サ	稳定、安定
15	一生                               	いっしょう	0	名	一辈子、一生
15	働き続ける	はたらきつづける	7	自一	持续工作
15	大体                        	だいたい	0	副、名	大略；大致、差不多
15	変る	かわる	0	自五	改变、变化
15	少ない	すくない	3	形	少、不多
15☆	美容師                            	びようし	2	名	美容师
15	技術	ぎじゅつ	1	名	技术
16☆	クリスマス	Christmas	3	名	圣诞节
16	吉田	よしだ	0	专	吉田（姓氏）
16☆	プレゼント	present	2,1	名，他サ	礼物，送礼
16	同士	どうし	2	接尾	彼此关系相同的人
16	或いは	あるいは	2	接	或，或是
16☆	交換	こうかん	0	名，自サ	交换
16	あげる	あげる	0	他一	给，送给
16	玩具	おもちゃ	2	名	玩具
16	もらう	もらう	0	他五	得到，领取
16	戴く(頂く)	いただく	0	他五	（もらう的敬语)领受
16☆	普通	ふつう	0	名，形动，副	通常，一般，普通
16	結婚式                            	けっこんしき	　	名	结婚仪式、结婚典礼
16	マフラー	muffler	1	名	围巾
16	差し上げる	さしあげる	0	他一	（比あげる更客气）给
16	可愛い	かわいい	3	形	可爱的
16☆	人形	にんぎょう	0	名	玩偶，玩具娃娃
16	古く	ふるく	1	名，副	老早，以前
16	贈り物	おくりもの	0	名	礼品，赠品
16	お互いに	おたがいに	0	副	互相
16☆	マスコミ(マスコミュニケーションの略)	マスコミ(マスコミュニケーションのりゃく)	0	　	大众传媒
16☆	影響	えいきょう	0	名，自サ	影响
16	年々	ねんねん	0	副	每年，逐年
16☆	売り上げ	うりあげ	0	名	销售
16☆	伸ばす	のばす	2	他五	扩展，使增多，伸展
16	特別	とくべつ	0	形动	特别
16☆	売場	うりば	0	名	柜台，售货处
16	セール	sale	1	名	贱卖，大甩卖
16	力を入れる	ちらかをいれる	　	组	着力
16☆	向き	むき	1	名	适合（…人或场合）
16	やる	やる	0	他五	（对平辈，晚辈）给，给与
16	くださる	くださる	3	他五	(くれる的敬語)给（我）
16	国語	こくご	0	名	国语
16☆	編む	あむ	1	他五	编织
16	くれる	くれる	0	他一	给（我）
16	この前	このまえ	3	组	上次，上回
16☆	アルバム	album	1,0	名	纪念册，集邮册，影集
16	唯	ただ	1	副	只是，仅，净，光
16	一度	いちど	2	名	一次
16	なかなら	なかなか	0	副	颇，相当
16☆	集める	あつめる	3	他一	收集，召集，集中
16	あさって	あさって	2	名	后天
16	晩	ばん	0	名	晚上
16	文化館	ぶんかかん	3	名	文化馆
16☆	クリスマス·イブ	クリスマス·イブ	2	名	圣诞夜
16☆	都合	つごう	0	名	方便，合适（与否）
16☆	サンタ·クロース	サンタ·クロース	5	名	圣诞老人
16	楽しみ	たのしみ	0,3	名	乐趣，期望
16☆	お中元	おちゅうげん	0	名	中元
16☆	お歳暮	おせいぼ	0	名	年末、年终送礼
16	年	ねん	1	名	年
16	二回	にかい	2	名	二次
16	シーズン	season	1	名	季节、旺季
16☆	直接	ちょくせつ	0	副、形动	直接
16☆	頼む	たのむ	2	他五	请求、委托
16☆	商品券	しょうひんけん	3	名	商品券
16	トップ                               	top	1	名	首位；前头；最上部
16	実際に	じっさいに	0	副	实际、的确
16☆	長持ち	ながもち	3,4	名·自サ	持久、耐用
16	食品	しょくひん	0	名	食品
16☆	缶詰め	かんづめ	3，4	名	罐头
16	醤油	しょうゆ	0	名	酱油
16☆	油	あぶら	0	名	油
16☆	飲料	いんりょう	3	名	饮料
16	石けん                    	せっけん	0	名	肥皂
16	セット（	set	1	名	一组；一套
16	アイディア	idea	3	名	主意、想法
17	元旦	がんたん	1	名	元旦
17	新年	しんねん	0	名	新年
17	祝う	いわう	2	他五	庆祝，祝贺
17☆	公演	こうえん	0	名，自	演出
17	竹内	たけうち	2	专	竹内（姓氏）
17☆	用事	ようじ	0	名	（必须办的）事情，工作
17	もう                                         	もう	1	副	再、另外
17	携帯電話	けいたいでんわ	5	名	手机
17☆	誘う	さそう	0	他五	邀请，引诱
17	劇場	げきじょう	0	名	剧场
17	……番	……ばん	　	接尾	路，号
17	トロリーバス	トロリーバス	5	名	无轨电车
17	乗り換える	のりかえる	4	自一	改乘，换车
17	安全	あんぜん	0	名，形动	安全
17☆	心配	しんぱい	0	名，他サ	担心
17	規則	きそく	2	名	规则，规章
17	大丈夫	だいじょうぶ	3	形动，名	不要紧，没问题
17☆	当日	とうじつ	1,0	名	当天
17	そこで                                  	そこで	0	接	于是：那么
17	天気予報	てんきよほう	4	名	天气预报
17☆	今朝	けさ	1	名	今天早晨
17	出し物	だしもの	2	名	演出节目
17	合唱	がっしょう	0	名，他サ	齐唱，合唱
17	独唱	どくしょう	0	名，他サ	独唱
17	民族舞踊	みんぞくぶよう	5	名	民族舞蹈
17☆	芝居	しばい	0	名	戏剧
17	京劇	きょうげき	0	名	京剧
17	地方劇	ちほうげき	2	名	地方戏
17	曲芸	きょくげい	0,2	名	杂技
17☆	漫才	まんざい	3	名	（对口）相声
17	もし	もし	1	副	如果，万一
17	きっと	きっと	0	副	一定
17	石川	いしかわ	0	专	石川（姓氏）
17☆	信号	しんごう	0	名	信号
17	赤	あか	1	名	红色
17	止まる	とまる	0	自五	停下，栖于
17	黄色	きいろ	0	名，形动	黄色
17☆	注意	ちゅうい	1	名，自	当心，提醒
17	青	あお	1	名	绿（信号）灯，青，蓝
17☆	進む	すすむ	0	自五	前进，先进（钟表）快
17☆	出発	しゅっぱつ	0	名，自	出发
17☆	間に合う	まにあう	3	自五	赶得上，来得及
17	待ち合わせる	まちあわせる	0,5	他一	在约定的场所等待（见面）
17	ひどい	ひどい	2	形	厉害的；无情的
17☆	止める                         	やめる	0	他一	作罢、停止：辞（职）
17	今晩	こんばん	1	名	今晚
17	休み	やすみ	3	名	休息：休假
17	多く                               	おおく	1	名，副	许多：多半、大都
17	故郷　故里                           	ふるさと	2	名	故乡
17☆	年末                                 	ねんまつ	0	名	年末、年底
17	最後	さいご	1	名	最后
17	大みそか                       	おおみそか	3	名	大年三十
17	年越しそば                       	としこしそば	5	名	除夕吃的荞麦面条
17☆	長生き              	ながいき	3,4	名·自サ	长命、长寿
17	除夜                         	じょや	1	名	除夕
17	鐘                              	かね	0	名	（吊）钟：钟声
17☆	音                                        	ね	0	名	（钟）声：音色
17	過ぎる                         	すぎる	2	自一	（时间）流逝：经过：度过
17	紅白	こうはく	1	名	红白
17	歌合戦                      	うたがっせん	3	名	对歌比赛
17	一眠り                        	ひとねむり	2	名·自サ	打个盹、睡一会儿
17	元日                                 	がんじつ	0	名	元月一日
17	郵便屋                              	ゆうびんや	0	名	邮递员
17☆	配達                           	はいたつ	0	名·他サ	投递、递送
17	おせち料理	おせちりょうり	4	名	过年吃的菜肴
17☆	初詣                      	はつもうで	3	名	（新年）首次参拜（神社）
17	詣でる                      	もうでる	3	自一	参拜
17	向こう	むこう	0，2	名	从今以后、今后
17	健康                            	けんこう	0	名·形动	健康
17	幸福	こうふく	0	名·形动	幸福
18	来週	らいしゅう	0	名	下周，下星期
18☆	大学祭	だいがくさい	3	名	大学庆祝活动
18☆	牛丼	ぎゅうどん	0	名	牛肉盖浇饭
18	模擬店	もぎてん	2	名	（游园会等的）临时小吃部
18	安部	あべ	0	专	安部（姓氏）
18☆	詳しい	くわしい	3	形	详细的
18	励ます	はげます	3	他五	激励，鼓励
18	実は	じつは	2	副	说真的，说实在的
18☆	願い	ねがい	2	名	愿望，要求，心愿
18	よろしい	よろしい	0	形	(よい的郑重说法）好，行
18	内	うち	0	名	自己所属的团体，组织，伙伴
18☆	相談	そうだん	0	名，自サ	商量
18	作り始める	つくりはじめる	3	他一	开始作
18	玉葱	たまねぎ	3,0	名	洋葱
18☆	切る	きる	1	他五	切，斩，拆开
18☆	縦	たて	3	名	纵，竖
18	半分	はんぶん	3	名	一半
18☆	薄い	うすい	0	形	稀的，薄的
18	大きさ	おおきさ	0	名	大小
18	適当	てきとう	0	形，自サ	适当的，合适的
18	もも肉	ももにく	2	名	腿肉
18	鍋	なべ	1	名	锅
18	熱する	ねっする	0	他サ	弄热，加热
18☆	炒める	いためる	3	他一	炒，煮
18	グリーンピース	グリーンピース	5	名	青豌豆
18	塩	しお	2	名	盐
18	だし	だし	2	名	（当佐料用的）汤汁
18☆	調味料	ちょうみりょう	3	名	调味品
18☆	砂糖	さとう	2	名	砂糖
18	みりん	みりん	0	名	料酒
18	火	ひ	1	名	火
18	止める	とめる	0	他一	关闭，止住，停下
18	出来上がる	できあがる	0	自五	作完，作好
18	載せる	のせる	0	他一	摆在…上面，登载
18	分	ぶん	1	名	份儿
18	それほど	それほど	0	副	那么
18☆	要点	ようてん	1	名	要点
18☆	ポイント	point	0	名	要点、分数
18☆	固い	かたい	0	形	硬，坚固，坚定，顽固
18	ええと	ええと	0	叹	（一时想不起来发出的声音）啊，嗯
18☆	野菜	やさい	0	名	蔬菜
18	間違い	まちがい	3	名	错误，差错
18	口に合う	くちにあう	3	组	合口味
18	たまに	たまに	0	副	偶尔
18	集まる	あつまる	3	自五	聚、集、汇集
18☆	開く	ひらく	2	他自五	召开
18☆	カップケーキ	cupcake 	4	名	杯状点心
18☆	サンドイッチ	sandwich 	4	名	三明治
18	飲み物	のみもの	2,3	名	饮料
18☆	今度	こんど	1　	名	这次、最近、下一次
18☆	出会	であう	2	自五	邂逅
18☆	気分	きぶん	1	名	心情、情绪、气氛
18	仲よくなる	なかよくなる	1	组	关系变地融洽起来
18☆	招く	まねく	2	他五	邀请
18☆	機会	きかい	2	名	机会
18	増える	ふえる	2	自一	增加
18	きっかけ	きっかけ	0	名	契机、机会
18	理解し合う	りかいしあう	1	他五	互相理解
18	近ごろ	ちかごろ	2	名	近来、这些日子
18☆	別れ	わかれ 	3	名	离别
18	参加	さんか	0，1	名·自サ	参加
19☆	インタビュー　　　　　　　　　　　　	interview	1	名•自サ	会见：记者采访
19	アメリカ	American	0	专	美国
19☆	ドイツ	Deutschland	1	专	德国
19☆	カナダ	Canada	1	专	加拿大
19	記者	きしゃ	2	名	记者
19☆	環境	かんきょう	0	名	环境
19☆	騒音	そうおん	0	名	噪音
19☆	公害	こうがい	0	名	公害
19	彼ら	かれら	1	代	他们
19☆	病気	びょうき	0	名	病、疾病
19	医務室                          	いむしつ	2	名	医务室
19☆	手当て	てあて	1	名•他サ	治疗；津贴
19	普段	ふだん	1	名	平常、平时
19	違い	ちがい	0	名	不同
19	申す	もうす	1	他五	(言う）的谦让语
19☆	名刺	めいし	0	名	名片
19	山田	やまだ	0	专	山田（姓氏）
19	ナンシー	ナンシー	1	专	南希（人名）
19	全然	ぜんぜん	0	副	丝毫（不），完全
19	ジョン	ジョン	1	专	约翰（人名）
19	ピエール	ピエール	0	专	皮埃尔（人名）
19	周り	まわり	0	名	周围，附近
19	うるさい	うるさい	3	形	吵闹得慌，恼人
19	非常	ひじょう	0	形动	非常
19☆	満足	まんぞく	1	名，形动，自サ	满意，满足
19	マリー	マリー	1	专	玛莉（人名）
19	このごろ	このごろ	0	名	近来，这些天来
19	気を付ける	きをつける	　	组	注意
19	いかが	いかが	2	副	如何，怎么样
19	すっかり	すっかり	3	副，形动	完全，全部
19☆	慣れる	なれる	2	自一	习惯
19☆	徹夜	てつや	0	名，自サ	彻夜，通宵
19	遅く	おそく	3	名	迟，晚
19	全部	ぜんぶ	1	名，副	全部
19☆	講義	こうぎ	3	名，他サ	讲课
19	話す	はなす	2	他五	说，讲
19	借りる	かりる	0	他一	借
19	なぜ	なぜ	1	副	为什么
19	古い	ふるい	2	形	旧的，落后的，陈旧的
19	実生活	じっせいかつ	3	名	实际生活
19☆	役立つ	やくだつ	3	自五	有用，有益
19	もっと	もっと	1	副	更，更加，更稍微
19☆	協力	きょうりょく	1,0	名，自サ	配合，合作
19☆	印	しるし	0	名	符号，记号，象征
19	あてはまる	あてはまる	4	自五	适用，合适，恰当
19	稍	やや	1	副	稍微，稍稍
19☆	ホームステイ                                    	homestay	5	名	寄宿在国外普通居民家留学
19	専用	せんよう	0	名•他サ	专用
19☆	触れる                        	ふれる	0	自一	涉及：触、碰
19	本当	ほんとう	0	名	真实的、本来的
19	意外	いがい	0,1	形动	意外，想不到
19☆	姿	すがた	1	名	面貌、身影；姿态
19☆	滞在	たいさい	0	名•自サ	逗留
19	受け入れる	うけいれる	0,4	他一	接受；收
19	泊まる	とまる	0	自五	停泊；投宿
19☆	暮らす	くらす	0	自他五	生活、度日
19	お客さん	おきやくさん	0	名	客人、顾客
19	一員	いちいん	2	名	一员
19	過ごす	すごす	2	他五	度、过；生活
19	同時に                            	どうじに	0	副	同时、一下子
19	必要	ひつよう	0	名•形动	需要、必要
19	確かめる	たしかめる	4	他一	弄清、查明
19	独特	どくとく	0	形动	独特的
19	自身	じしん	1	名	自身、自己
19☆	気付く	きづく	2	自五	发觉、注意到
19☆	不思議	ふしぎ	0	名，形动	奇怪的、不可思议的
20	春節	しゅんせつ	0	名	春节
20	高橋	たかはし	2	专	高桥（姓氏）
20☆	小麦粉	こむぎこ	0	名	小麦粉、面粉
20	捏ねる	こねる	2	他一	揉和
20	皮	かわ	2	名	（饺子）皮
20	豚肉	ぶたにく	0	名	猪肉
20	包む	つつむ	2	他五	包起来
20	蒸す	むす	1	他自五	闷热；蒸
20	半年	はんとし	0	名	半年
20☆	披露宴	ひろうえん	2	名	婚宴
20☆	出席	しゅっせき	0	自サ	出席
20	お腹がすく	おなかがすく	　	组	肚子饿
20	旧正月	きゅうしょうがつ	3	名	春节
20	北国	きたぐに	2	名	北国
20	遠慮	えんりょ	1	名，他サ	客气
20	いただく	いただく	0	他五	食べる的谦语
20	…すぎる	…すぎる	　	接尾	……过度，过分
20	味	あじ	0	名	味道
20	不味い	まずい	2	形动	不好吃
20	なるほど	なるほど	0	副	诚然，的确
20	骨	こつ	0	名	窍门，秘诀
20	映り	うつり	3	名	映象
20☆	電波	でんぱ	1	名	电波
20	障害	しょうがい	0	名	障碍
20	高層ビル	こうそうビル	5	名	高楼
20	どんどん	どんどん	1	副	不断地
20	建つ	たつ	1	自五	建造
20☆	大気	たいき	1	名	大气，空气
20	おめでたい	おめでたい	0	形	可贺的，可喜的，可庆的
20	役に立つ	やくにたつ	　	组	有用处，有益处
20	コーヒー	コーヒー	3	名	咖啡
20	電気スタント	でんきスタント	5	名	台灯
20	花瓶	かびん	0	名	花瓶
20☆	喜ぶ	よろこぶ	3	自他五	高兴，喜悦
20	…を楽しみにする	…をたのしみにする	　	组	希望，期望
20	友人	ゆうじん	0	名	友人
20☆	会場	かいじょう	0	名	会场
20	何時	いつ	1	名	何时、什么时候
20	杏花楼	きょうかろう	3	名	杏花楼（饭店名）
20☆	旅	たび	2	名	旅行
20☆	曇り                                  	くもり	3	名	阴
20☆	空港	くうこう	0	名	机场
20	タクシー	taxi	1	名	出租汽车
20☆	夜景	やけい	0	名	夜景
20	村	むら	2	名	村
20☆	晴れ	はれ	2	名	晴
20☆	朝食	ちょうしょく	0	名	早餐
20	取る	とる	1	他五	拿；获得；摄入
20	水上	すいじょう	0	名	水上
20	約	やく	1	名	大约
20	見学者	けんがくしゃ	3,4	名	参观者
20	帰り	かえり	3	名	回去：归途
20	乗心地	のりごこち	0,3	名	乘坐的感觉
1	新学期	しんがっき	3	名	新学期
1	いよいよ	いよいよ	2	副	终于，越来越，更加
1	始まる	はじまる	0	自五	开始
1	暇	ひま	0	名	闲空儿，时间
1	山崎	やまざき	2	专	山崎（姓氏）
1☆	菓子	かし	1	名	点心，糕点，糖果
1☆	棚	たな	0	名	棚架，搁板
1☆	サイドボード	sideboard	4	名	餐具柜
1	置く	おく	0	他五	放
1☆	壁	かべ	0	名	墙壁，隔阂
1☆	地理	ちり	1	名	地理
1	貼る	はる	2,0	他五	贴，糊
1☆	滑る	すべる	2	自五	滑
1☆	割る	わる	0	他五	打碎，切，割
1	怪我	けが	2	自一	受伤，负伤
1	靴	くつ	2	名	鞋子
1	高速電車	こうそくでんしゃ	5	名	高速电气列车
1	準備	じゅんび	1	名　他サ	准备
1	学習	がくしゅう	0	名，他サ	学习
1☆	予習	よしゅう	0	名，他サ	预习
1	学部	がくぶ	1,0	名	系
1	会議	かいぎ	1,3	名	会议
1☆	入口	いりぐち	0	名	入口，门口
1☆	告知板	こくちばん	0	名	布告牌
1	会議室	かいぎしつ	3	名	会议室
1	並べる	ならべる	0	他一	罗列，排列，摆
1	壇	だん	1	名	擅，台
1	どうも	どうも	1	副	（表示歉意）很，实在
1☆	恐れ入る	おそれいる	2	自五	不好意思
1	片付ける	かたづける	4	他一	整理，收拾，处理
1	湯	ゆ	1	名	开水，热水，洗澡水
1☆	沸かす	わかす	0	他五	烧开、使……沸腾
1	小説	しょうせつ	0	名	小说
1☆	レポート	report	2	名　他サ	报告，小论文
1	一冊	いっさつ	4	名	一册、一本
1	いや	いや	1	叹	（表示否定对方的话）不，不对
1	方法	ほうほう	0	名	方法
1	チェック	check	1	名，自サ	核对，查对
1	考え	かんがえ	3	名	想法
1	用意	ようい	1	名，他サ	准备
1☆	皿	さら	0	名	碟子
1☆	ご心配なく	ごしんぱいなく	　	组	请不必担心
1	本間	ほんま	0	专	间（姓）
1☆	ベランダ	veranda	0	名	阳台
1☆	植木鉢	うえきばち	3	名	花盆
1	戸だな	とだな	3	名	橱、柜子
1☆	食器	しょっき	0	名	餐具
1☆	窓	まど	1	名	窗
1☆	カーテン	curtain	1	名	窗帘
1	かける	かける	2	他一	挂
1	閉める	しめる	2	他一	关闭、合上
1	見える	みえる	2	自一	看得见
1	主	おも	1	形动	主要
1	政治	せいじ	0	名	政治
1☆	原稿	げんこう	0	名	原稿
1	かい（终助）	かい	0	名	用于表示亲昵的问话
1☆	引き止める	ひきとめる	4	他一	挽留；制止
1☆	夢中	むちゅう	0	形动	热衷、着迷
2☆	バーゲン	bargain	1	名	讨价还价
2	中島	なかじま	0	专	中岛（姓氏）
2	コート	coat	1	名	大衣
2☆	形	かたち	0	名	形状
2☆	気に入る	きにいる	2	组	中意，满意
2☆	サイズ	size	1	名	尺寸
2	センチ	centi	1	名	厘米
2	ぴったり	ぴったり	3	副，自サ	正合适的
2☆	軽い	かるい	0	形	轻的
2☆	割引	わりびき	0	名,	打折扣
2☆	新発売	しんはつばい	3,4	名	时新货
2	青色	あおいろ	0	名	蓝色
2	自習	じしゅう	0	名，他サ	自习，自修
2	遅れる	おくれる	0	自一	迟到
2☆	キロ	kilo	0	接尾	公里
2	店員	てんいん	0	名	店员
2	まっすぐ	まっすぐ	3	副	笔直
2☆	エスカレーター	escalator	4	名	自动扶梯
2	右	みぎ	0	名	右边
2☆	曲がる	まがる	0	自五	拐弯，弯曲
2	左側	ひだりがわ	0	名	左边，左侧
2	うーん	うーん	2	叹	（表示否认，迟疑）嗯
2	こういう	こういう	0	连体	这种，这样
2☆	デザイン	design	2	名	设计，款式
2	きつい	きつい	0	形	（衣服等）紧，瘦小，累人
2	爪先	つまさき	0	名	指尖，脚尖
2	痛い	いたい	2	形	疼
2☆	札	さつ	0	名	纸币
2☆	細かい	こまかい	3	形	零碎，细致
2	お釣り	おつり	0	名	找头
2☆	預かる	あずかる	3	他五	（代人）保管，收存
2☆	予算	よさん	0	名	预算
2	買い得	かいどく	0	名	合算
2	返し	かえし	3	名	还
2☆	似合う	にあう	2	自五	合适
2	色	いろ	2	名	颜色
2	売切れる	うりきれる	4	自一	售完
2☆	試着	しちゃく	0	名，他サ	试穿
2	…本	…ほん	1	接尾	（计算细长物的单位）根，支
2	包み	つつみ	3	名	包，包裹
2	畏まりました	かしこまりました	　	寒喧	（表示恭敬地接受吩咐）知道了
2	商店	しょうてん	1	名	商店
2☆	小売店	こうりてん	0,3	名	零售店
2	営業	えいぎょう	0	名，他サ	营业、经商
2	表示	ひょうじ	0	名，他サ	表示
2☆	価格	かかく	0,1	名	价格
2☆	値引き	ねびき	0	名，他サ	减价
2☆	レシート	receipt	2	名	收据
2	領収書	りょうしゅうしょ	0,5	名	发票
2	取る	とる	1	他五	拿，取
2	金額	きんがく	0	名	金额
2☆	間違う	まちがう	3	自五	弄错；错
2☆	返品	へんぴん	0	名，他サ	退货
2	証拠	しょうこ	0	名	证据
2	特売	とくばい	0	名	特价出售
2	大安売り	おおやすうり	3,4	名	大减价
2☆	傷む	いたむ	2	自五	损坏
2	品質	ひんしつ	0	名	品质
3	頭	あたま	3	名	头
3☆	手足	てあし	1	名	手脚
3	だるい	だるい	2	形	懒倦的，慵懒的
3	目まい（眩暈）	めまい	2	名	头晕目眩
3☆	欠席届	けっせきとどけ	5	名	请假条
3	事務室	じむしつ	2	名	办公室
3	風邪を引く	かぜをひく	　	组	感冒
3	診察	しんさつ	0	名，他サ	诊察
3☆	診断	しんだん	0	名，他サ	诊断
3	流感	りゅうかん	0	名	流感
3	薬	くすり	0	名	药
3	急ぐ	いそぐ	2	自五	急，急速
3	急	きゅう	0	名，形动	突然，急迫
3	胃	い	0	名	胃
3☆	激しい	はげしい	3	形	剧烈的
3	痛み出す	いたみだす	4	自五	疼起来
3	吐き気	はきけ	3	名	想呕吐
3	豚肉	ぶたにく	0	名	猪肉
3	油物	あぶらもの	0	名	油腻食品
3☆	胃潰瘍	いかいよう	2	名	胃溃疡
3	今後	こんご	1	名	今后
3☆	刺激	しげき	0	名，他サ	刺激
3	強い	つよい	2	形	强的，厉害的
3	できるだけ	できるだけ	0	副	尽可能
3☆	控える	ひかえる	3,2	他一	控制
3	止む	やむ	0	自五	停住
3	厭(嫌)	いや	2	形动	讨厌
3☆	薄着	うすぎ	0	名，自サ	衣服单薄
3	所為	せい	1	名	原因
3☆	寒気	さむけ	3	名	发冷
3☆	顔色	かおいろ	0	名	脸色
3	熱	ねつ	2	名	热度
3☆	額	ひたい	0	名	额
3	あてる	あてる	0	他一	放，碰，猜到
3	おや	おや	1,0	叹	（表示意外，惊讶）哎呀
3	堪らない	たまらない	0	组	难以忍受的、忍受不了的
3	どうも	どうも	1	副	总觉得
3	いけない	いけない	0	组	不行、不该
3	出る	でる	1	自一	出勤、出席、（疾病）发生
3	ゆっくり	ゆっくり	3	副	慢慢地，充裕
3☆	承知	しょうち	0	名，他サ	知道
3	大事	だいじ	1,3	名，形动	大事，保重
3	熱っぽい	ねつっぽい	4	形	发烧
3	喉(咽)	のど	1	名	喉咙，嗓子
3	嚏	くしゃみ	2	名，他サ	打喷嚏
3	鼻水	はなみず	0,4	名	鼻涕
3☆	食欲	しょくよく	0,2	名	食欲
3	流行る	はやる	2	自五	流行
3	休校	きゅうこう	0	名，自サ	（学校）停课
3	先	さっき	1	副	刚才，方才
3☆	計る	はかる	2	他五	量
3	度	ど	　	接尾	（温度，体温）度
3	咳	せき	2	名	咳嗽
3☆	薬局	やっきょく	0	名	药房
3☆	タバコ	tabacco	0	名	香烟
3	決して	けっして	0	副	决（不）
3	吸う	すう	0	他五	吸（烟）
3	夜中	よなか	3	名	半夜
3	脂っこい	あぶらっこい	5	形	油腻的
3	もどす	もどす	2	他五	吐（的俗语）
3	痛み	いたみ	3	名	疼痛
3☆	キリキリ	キリキリ	1	副，自サ	刺痛
3☆	種類	しゅるい	1	名	种类
3	壊す	こわす	2	他五	弄坏、打碎
3	働き	はたらき	0	名	作用
3☆	弱る	よわる	2	自五	衰弱、软弱
3	腐る	くさる	2	自五	变质、腐烂
3☆	病	やまい	1	名	病、缺点
3	恐ろしい	おそろしい	4	行	可怕的、可怖的
3☆	コレラ	cholera	1	专	霍乱
3	赤痢	せきり	1	专	菌痢
3☆	伝染病	でんせんびょう	1	专	传染病
3	黴菌	ばいきん	0	名	细菌
3	付く	つく	1,2	自五	附在
3	済む	すむ	1	自五	了结、完结
3	万病	まんびょう	0	名	万病
3	元	もと	0	名	根源
3	原因	げんいん	0	名	原因
3	重い	おもい	0	形	重的
3☆	油断	ゆだん	0	名，自サ	疏忽
4	橋本	はしもと	0	专	桥本（姓氏）
4	もてなす	もてなす	0	他五	招待
4	食習慣	しょくしゅうかん	3	名	饮食习惯
4	歓談	かんだん	0	名，自サ	畅谈
4	…目	…め	　	接尾	（表示数词的顺序）第…
4☆	注文	ちゅうもん	0	名，他サ	订货，定购
4	乾杯	かんぱい	0	名，自サ	干杯
4	幸せ	しあわせ	0	名，形动	幸福
4☆	祝福	しゅくふく	0	名，他サ	祝福
4	寿司	すし	2	名	寿司
4☆	召し上がる	めしあがる	0	他五	飲む，食べる的敬语
4	米	こめ	2	名	大米
4	主食	しゅしょく	0	名	主食
4	清酒	せいしゅ	0	名	清酒
4☆	アロコール	alcohol	0	名	酒精
4	…分	…ぶん	　	接尾	成分
4	茅台酒	もうたいしゅ	3	专	茅台酒
4☆	限る	かぎる	2	自他五	限于，限定
4☆	冷める	さめる	2	自一	（热的）东西变冷，（热情等）减退
4	お粗末様でした	おそまつさまでした	　	　	（饭后主人说的客气话）怠慢了
4☆	空く	あく	0	自五	空出，腾出
4	様	さま	　	接尾	表示尊称
4☆	メニュー	menu	1	名	菜单
4	為さる	なさる	2	他五	（する）的敬语
4	蟹	かに	0	名	螃蟹
4☆	姿蒸し	すがたむし	0	名	整只蒸
4	田うなぎ	たうなぎ	3	名	黄鳝
4☆	揚げ物	あげもの	0	名	油炸食品
4	少々	しょうしょう	1	名，副	少许，一点
4	お待たせしました	おまたせしました	　	组	让您久等了
4	うん	うん	1	叹	（はい的随便说法）嗯
4	旨い(甘い)	うまい	　	形	美味，高明
4	御馳走様	ごちそうさま	2	组	承您款待了
4☆	勘定	かんじょう	3	名，他サ	结帐，计算
4☆	伝票	でんぴょう	0	名	发票
4	食生活	しょくせいかつ	3	名	饮食生活
4☆	風土	ふうど	1	名	风水
4	水準	すいじゅん	0	名	水准、水平
4☆	様式	ようしき	0	名	样式
4	世紀	せいき	1	名	世纪
4	年代	ねんだい	0	名	年代
4☆	改革	かいかく	0	名，他サ	改革
4	開放	かいほう	0	名，他サ	开放
4	高度	こうど	1	名，形动	高度、高级
4	成長期	せいちょうき	3	名	成长期、（经济）发展期
4	個人	こじん	1	名	个人
4☆	所得	しょとく	0	名	所得
4☆	著しい	いちじるしい	5	形	明显的、显著的
4	伸びる	のびる	2	自一	增加；伸展；伸长
4	洗濯機	せんたくき	3,4	名	洗衣机
4	家事	かじ	1	名	家务事
4☆	負担	ふたん	0	名，他サ	负担
4	こうした	こうした	0	连体	这种、这样的
4	伸び	のび	2	名	伸展、发展
4	変化	へんか	1	名，自サ	变化
4	量	りょう	1	名	数量
4	質	しつ	0	名	质量
4	変える	かえる	0	他一	改变、变更
4	現在	げんざい	1	名	现在
4☆	乳製品	にゅうせいひん	3	名	乳制品
4	人々	ひとびと	2	名	人人、每个人
4	紅茶	こうちゃ	0	名	红茶
4☆	コーラ	cola	1	专	可乐
4☆	好む	このむ	2	他五	爱好
4	紹興酒	しょうこうしゅ	3	专	绍兴酒
4	白酒	バイチュウ	3	名	中国白酒
4☆	ウィスキー	whiskey	2,3	名	威士忌
4☆	ワイン	wine	1	名	葡萄酒
4	若者	わかもの	0	名	年轻人
4	外食産業	がいしょくさんぎょう	5	名	餐饮业
4☆	急激	きゅうげき	0	形动	急剧
4☆	国際化	こくさいか	0	名	国际化
4	顕著	けんちょ	1	形动	显著的
4☆	背景	はいけい	0	名	背景
4	家族団欒	かぞくだんらん	1	名	一家团乐
4	減る	ヘる	0	自五	减少
5	カセット	cassette	2	名	（盒式）录音磁带，录音机
5	取り出し	とりだし	0	名	取出来
5	ボタン	button	0	名	按钮，钮扣
5	押す	おす	0	他五	按，推
5☆	蓋	ふた	0	名	盖子
5	再生	さいせい	0	名，自他サ	（录音）重放，死而复生
5	回る	まわる	0	自五	旋转，绕道，轮流
5	音量	おんりょう	0,3	名	音量
5	つまみ	つまみ	0	名	(器物上的)旋钮，下酒菜
5	回す	まわす	0	他五	转，转动
5	調節	ちょうせつ	0	名，他サ	调节
5	動く	うごく	2	自五	转动，移动
5	電池	でんち	1	名	电池
5	方向	ほうこう	0	名	方向
5	電池入れ	でんちいれ	3	名	电池匣
5	裏側	うらがわ	0	名	背面，反面
5	…側	…がわ	0	接尾	一侧，一边，方面
5	マイナス	minus	0	名，他サ	阴极，负数
5	プラス	plus	1	名，他サ	正数，阳极
5	間違える	まちがえる	4,3	他一	弄错
5	液	えき	1	名	液体
5	漏れる	もれる	2	自一	漏，泄
5	温度	おんど	1	名	温度
5	故障	こしょう	0	名，自サ	故障
5	絶対	ぜったい	0	名，副	绝对，坚决
5	爪	ツメ	0	名	防消卡子
5	折る	おる	1	他五	折，弯
5	うっかり	うっかり	3	副，自サ	疏忽，大意
5	操作	そうさ	1	名，他サ	操作
5☆	名称	めいしょう	0	名	名称
5☆	巻き戻し	まきもどし	0	名	倒卷
5	停止	ていし	0	名，自他サ	停顿，停止
5☆	早送り	はやおくり	3,0	名	快进
5	どのよう	どのよう	1	形动	如何，怎样
5	巻き戻す	まきもどす	0	他五	倒卷
5☆	開く	ひらく	0	自五	开，（商店等）开门
5☆	自動的	じどうてき	0	形动	自动的
5	下	した	0	名	下面
5	引っ張る	ひっぱる	3	他五	拉，曳，拉紧
5☆	反対	はんたい	0	名，形动，自サ	这边儿
5	こっち	こっち	3	名	侧面，宽，横，旁边
5	横	よこ	0	自一	断开，能切
5	切れる	きれる	0	名，自サ	失败
5☆	失敗	しっぱい	2	名，他サ	发音，发声
5☆	発音	はつおん	0	接尾	发音；发声
5	…用	…よう	0	接尾	用于……（方面）
5	ほら	ほら	1	叹	瞧
5	はあ	はあ	1	叹	（答应）是，（惊叹）嗬，（疑问）啊
5	ヒヤリング	hearing	1	名	听音练习
5	貸す	かす	2	他五	借给，借出
5	学ぶ	まなぶ	0	他五	学习
5	教材	きょうざい	0	名	教材
5	ような気がする	ようなきがする	　	组	感到
5	却って	かえって	1	副	相反，反倒
5	認証	にんしょう	0	名	认证
5	自販機	じはんき	2	名	自动售货机
5☆	自動販売機	じどうはんばいき	6	名	自动售货机
5	硬貨	こうか	1	名	硬币
5	紙幣	しへい	1	名	纸币
5	又は	または	2	接	或者
5	替わる	かわる	0	自五	代替；替换
5☆	カード	card	1	名	卡片
5	物品	ぶっぴん	0	名	物品
5	サービス	service	1	名，自他サ	服务；廉价出售
5☆	提供	ていきょう	0	名，他サ	提供
5☆	機械	きかい	2	名	机械
5	セルフ	self	1	名	自动；自我
5	方式	ほうしき	0	名	方式
5☆	一歩	いっぼ	1	名	一步
5☆	無人	むじん	0	名	五人
5	休日	きゅうじつ	0	名	休息日
5☆	夜間	やかん	0,1	名	夜间
5☆	利点	りてん	0	名	好处、优点
5	類	るい	0,1	接尾	种类
5	カップ麵	cupめん	3	名	（纸杯等包装的）快餐面
5	売る	うる	0	他五	出售、卖
5☆	代金	だいきん	1,0	名	价款、货款
5	投入口	とうにゅうぐち	3	名	投钱孔
5	投入	とうにゅう	0	名，他サ	投入、扔进
5	未成年者	みせいねんしゃ	4	名	未成年人
5	喫煙	きつえん	0	名，自サ	吸烟
5	飲酒	いんしゅ	0	名，自サ	饮酒
5	防止	ぼうし	0	名，他サ	防止
5	成人	せいじん	0	名	成人
5	識別	しきべつ	0	名，他サ	识别
5	装置	そうち	1	名	装置
5	身分	みぶん	1	名	身份、位置
5	確認	かくにん	0	名，他サ	确认
6	交通係	こうつうがかり	5	名	交通协管员
6	道	みち	0	名	道路
6☆	尋ねる	たずねる	3	他一	询问，打听
6	駅員	えきいん	0,2	名	车站工作人员
6	マイク	mike	1	名	麦克风，话筒
6☆	アナウンス	announce	2,3	名，他サ	广播，报告
6	車内	しゃない	1	名	车内
6☆	流す	ながす	2	他五	播放，使…流动
6	通う	かよう	0	自五	往来
6	乗客	じょうきゃく	0	名	乘客
6	通学生	つうがくせい	3,4	名	走读生
6	それでも	それでも	3	接	尽管如此
6	危ない	あぶない	0	形	危险
6☆	車道	しゃどう	0	名	车行道
6☆	横切る	よこぎる	3	他五	横穿
6	左	ひだり	0	名	左边，左
6	横断歩道	おうだんほどう	5	名	人行横道
6	通る	とおる	1	自五	通过，走过，穿过
6	伺う	うかがう	0	他五	(聞く，訪ねる）的谦让语
6	プラットホーム	plantform	5	名	站台
6	一号線	いちごうせん	0	名	一号线
6	新荘	しんしょう	0,1	名	莘庄
6	…行き	…ゆき	0	接尾	开往……
6	ひとりひとり	ひとりひとり	5	副	一个一个
6	順に	じゅんに	0	副	有秩序地，依次
6	立つ	たつ	1	自五	立，站，升，冒
6☆	詰める	つめる	2	他一	往…挤一挤，装入
6	人民広場	じんみんひろば	5	专	人民广场
6	いくつ目	いくつめ	0,4	名	第几个
6	駅前	えきまえ	3	名	车站前
6	待たせる	またせる	3	他一	让…等
6	終点	しゅうてん	0,2	名	终点
6	停車	ていしゃ	0	名，自サ	停车
6	常に	つねに	1	副	经常
6☆	心掛ける	こころがける	5	他一	留心，留意
6	防止	ぼうし	0	名，他サ	防止
6	やむを得ず	やむをえず	4	副	不得已
6	急停車	きゅうていしゃ	3	名	急刹车
6	発車	はっしゃ	0	名，自サ	发车
6☆	揺れる	ゆれる	0	自一	摇动，摇晃
6	手摺り	てすり	3	名	扶手
6	摑まる	つかまる	0	自五	抓住，被逮住
6	方面	ほうめん	3	名	方向，方面
6	お出で	おいで	0	名	(行く，来る，いる）的敬语
6	忘れ物	わすれもの	0	名	遗失物
6☆	支度	したく	0	名，自サ	准备，（外出）打扮
6☆	乗車	じょうしゃ	0	名，自サ	乘车
6	お疲れ様でした	おつかれさまでした	6	寒暄语	辛苦了
6	ご利用くださいまして	ごりようくださいまして	　	组	承蒙利用
6	上海科学館	しゃんはいかがくかん	7	专	上海科技馆
6☆	誠に	まことに	0	副	实在，真诚
6	角	かど	1	名	角，拐角
6	通り	とおり	3	名	大街，马路
6	正面	しょうめん	3	名	正面
6☆	ラッシュ	rush	1	名	高峰时期
6	いくら	いくら	1	副	（与…ても糊一个）即使……也
6	起こる	おこる	2	自五	发生
6	すし詰め	すしづめ	0	名	拥挤不堪
6☆	身動き	みうごき	2,4	名	转动身子
6	早目	はやめ	0,3	名，形动	提早、早些
6	空く	すく	0	自五	有空隙，有间隙
6	いくらか	いくらか	1,3	副	多少、稍微
6	増し	まし	0	名，形动	胜过，增多
6	感心	かんしん	0	名，形动，自サ	钦佩，佩服
6	ますます	ますます	2	副	益发，越发
6☆	深刻	しんこく	0	形动	严重
6	悲観	ひかん	0	名，自他サ	悲观
6	どんどん	どんどん	1	副	接二连三，（进展）顺利
6	事情	じじょう	0	名	情形，情况
6	交通機関	こうつうきかん	5,6	名	交通工具
6	公共	こうきょう	0	名	公共
6	読み取り機	よみとりき	4	名	读卡机、检票机
6	かざす	かざす	0,2	他五	放在……上面
6	料金	りょうきん	1,0	名	使用费
6☆	支払い	しはらい	0	名	付、支付
6	完了	かんりょう	0	名，自他サ	完了、完事
6	各駅	かくえき	1,0	名	各个车站
6☆	マクドナルド	McDonald’s	4	专	麦当劳
6☆	チャージ	charge	1	名	充值
6	有効期限	ゆうこうきげん	5	名	有效期限
6	不要	ふよう	0	名，形动	不要；不需要
6☆	大衆	たいしゅう	0	名	大众
6	チケット	ticket	1,2	名	票、券
6☆	返却	へんきゃく	0	名，他サ	退换、归还
6	使用	しよう	0	名，他サ	使用
6	可能	かのう	0	名	可能
6	範囲	はんい	1	名	范围
6☆	フェリー	ferry	1	名	渡轮
6	高速道路	こうそくどうろ	5	名	高速公路
6	距離	きょり	1	名	距离
6	比例	ひれい	0	名，自サ	比利
6	磁気	じき	1	名	磁性
6	構内	こうない	1	名	车站内、场内、区域内
6	券売機	けんばいき	3	名	售票机
6	改札	かいさつ	0	名	检票
6	入場	にゅうじょう	0	名，自サ	入场
6	到着駅	とうちゃくえき	4	名	到达的车站
6	同様	どうよう	0	形动	同样、一个样
6	出場	しゅつじょう	0	名，自サ	出场
6☆	行き先	ゆきさき	0	名	目的地
6	告げる	つげる	0	他一	告知
6	普及率	ふきゅうりつ	2	名	普及率
6	記す	しるす	0	他サ	记下、写下
6	紙	かみ	2	名	纸
6	降車	こうしゃ	0	名，自サ	下车
6	際	さい	1	名	时候、场合
6	受け取る	うけとる	0,3	他五	接受
6	会社名	かいしゃめい	3	名	公司名
6	走行	そうこう	0	名	行驶、行车
6☆	トラブル	trouble	2	名	纠纷、纠葛
6	助け	たすけ	3	名	帮助
6	市バス	しbus	0	名	城市公交车
6☆	運賃	うんちん	1	名	车费
6	車掌	しゃしょう	0	名	售票员、乘务员
6	発車	はっしゃ	0	名，自サ	发车、开车
6☆	徴収	ちょうしゅう	0	名，他サ	征收、收取
7☆	開く	ひらく	2	他五	召开，打开
7☆	祝い	いわい	2	名	祝贺，贺礼
7☆	別科	べっか	0	名	别科
7	蔡	さい	1	专	蔡（姓氏）
7☆	切紙	きりがみ	2	名	剪纸
7	周	しゅう	1	专	周（姓氏）
7	まるで	まるで	0	副	宛如…，完全
7☆	本物	ほんもの	0	名	真东西，真货
7☆	手伝う	てつだう	3	他五	帮忙，帮助
7☆	助かる	たすかる	3	自五	得救，得到帮助
7☆	司会	しかい	0	名，他サ	主持会议
7	赵	ちょう	1	专	赵（姓氏）
7	中山	なかやま	0	专	中山（姓氏）
7	おめでとうございます	おめでとうございます	　	寒暄语	祝贺（您）
7	たいした	たいした	1	连体	了不起
7☆	翌日	よくじつ	0	名	次日，第二天
7	急用	きゅうよう	0	名	急事
7☆	残念	ざんねん	3	形动	遗憾，抱歉
7	ジョン	John	1	专	约翰（姓氏）
7	アルン	Allen	1	专	艾伦（姓氏）
7☆	絵葉書	えはがき	2	名	图画明星片
7	陳	ちん	1	专	陈（姓氏）
7	送る	おくる	0	他五	寄，送，送行，度过
7	素敵	すてき	0	形动，名	极好，极漂亮
7	優しい	やさしい	0	形	温柔，体贴
7	世話をする	せわをする	2	组	照顾，照料
7	大掃除	おおそうじ	3	名	大扫除
7	お土産	おみやげ	0	名	土产，礼物，纪念品
7	一人っ子	ひとりっこ	3	名	独生子女
7☆	銀婚式	ぎんこうしき	3	名	银婚庆典
7	頃	ころ	1	名	时候、时期
7☆	世の中	よのなか	2	名	世上
7	苦しい	くるしい	3	形	痛苦的、艰苦的
7☆	丈夫	じょうぶ	0	形动	坚固的，结实的
7☆	育てる	そだてる	3	他一	养育；抚养
7	御蔭	おかげ	0	名	多亏；由于
7☆	青春	せいしゅん	0	名	青春
7☆	十分	じゅうぶん	3	副，形动	充分；足够
7	有意義	ゆういぎ	3	形动	有意义的
7☆	涙ぐむ	なみだぐむ	4	自五	含泪
7☆	バイオリン	violin	0	名	小提琴
7☆	弾く	ひく	0	他五	弹
8	沢田	さわだ	0	专	泽田（姓氏）
8☆	聞き取る	ききとる	3	他五	听见，听懂
8	大して	たいして	1	副	（下接否定）并不那么
8☆	苦労	くろう	1	名，自サ，形动	辛苦，操劳
8☆	点	てん	0	名	点，分数，观点
8☆	常用漢字	じょうようかんじ	0	名	常用汉字
8☆	引く	ひく	0	他五	查，扣除，拉
8☆	テレビ講座	televisionこうざ	0	名	电视讲座
8☆	初級	しょきゅう	0	名	初级
8	中級	ちゅうきゅう	0	名	中级
8	駄目	だめ	2	形动	白费，不行
8☆	四声	しせい	0	名	（汉字的）四声
8☆	指導	しどう	0	名，他サ	领导，指导
8	下（許）	もと	2	名	底下；身边；在……下
8☆	カラオケ	カラオケ	0	名	卡拉OK
8	曲	きょく	1,0	名	歌曲，曲调
8☆	忘年会	ぼうねんかい	3	名	年终联欢会
8☆	披露	ひろう	1	名，他サ	披露，宣布
8☆	班長	はんちょう	1	名	班长
8☆	悩み	なやみ	3	名	烦恼、苦恼
8	のんびり	のんびり	3	副，自サ	舒舒服服、悠然自得的
8	ちゃんと	ちゃんと	0	副	规矩地；整齐地；好好地
8☆	関係	かんけい	0	名	关系
8☆	疲れ	つかれ	3	名	累、疲倦
8☆	眠れる	ねむれる	0	自一	能睡（着）觉
8☆	辛い	つらい	0	形	痛苦的、难受的
8	真面目	まじめ	0	形动	认真、严肃、诚实
8	何もかも	なにもかも	1+1,4	组	一切、全部
8☆	任せる	まかせる	3	他一	托付、委托
8	そのうち	そのうち	0	副	不久、过会儿
8☆	リラックス	relax	2	自サ	放松
9	尊敬	そんけい	0	名，他サ	尊敬
9	活発	かっぱつ	0	形动	活泼，活跃
9	教わる	おそわる	0	他五	跟…学习，受教
9	態度	たいど	1	名	态度
9	成績	せいせき	0	名	成绩
9	褒める	ほめる	2	他一	表扬，赞扬
9	同級生	どうきゅうせい	3	名	同年级学生
9	喧嘩	けんか	0	名，自サ	争吵，打架
9	叱る	しかる	0	他五	骂，责备
9	横山	よこやま	2	专	横山（姓氏）
9	兄弟	きょうだい	1	名	弟兄，兄弟
9	仲	なか	1	名	交情，关系
9	助け合う	たすけあう	4	他五	互相帮助
9	混雑	こんざつ	1	名，自サ	混乱，混杂
9	目に遭う	めにあう	　	组	遇见（倒霉事）
9	後ろ	うしろ	0	名	后面
9☆	踏む	ふむ	0	他五	踩，踏
9	血	ち	0	名	血
9	掏摸	すり	1	名	扒手
9☆	財布	さいふ	0	名	钱包，钱袋
9	掏る	する	1	他五	扒窃
9☆	悪者	わるもの	0	名	坏人，坏蛋
9☆	襲う	おそう	2,0	他五	袭击
9	口げんか	くちげんか	3	名	吵嘴，吵架
9	紙くず	かみくず	3	名	废纸，纸屑
9	散らかす	ちらかす	0	他五	乱扔，乱撒
9☆	掃く	はく	1	他五	扫
9☆	生意気	なまいき	0	名，形动	自大，傲慢
9	言葉づかい	ことばづかい	4	名	措辞
9☆	乱暴	らんぼう	0	形动	粗暴，粗鲁
9☆	怒る	おこる	2	自五	生气，发怒
9☆	仲直り	なかなおり	3	名，自サ	和好，言归于好
9	虐める	いじめる	0	他一	欺负，虐待
9	思い出す	おもいだす	0	他五	想起
9	騙す	だます	2	他五	欺骗
9	殴る	なぐる	2	他五	殴打
9	末っ子	すえっこ	0	名	子女中最小的一个
9	甘やかす	あまやかす	0	他五	娇纵
9	可愛がる	かわいがる	4	他五	疼爱
9	高校生	こうこうせい	3	名	高中生
9	死ぬ	しぬ	0	自五	死
9	暮らし	くらし	0	名	生活
9☆	傷	きず	0	名	伤口
9	転ぶ	ころぶ	0	自五	跌倒
9	込み合う	こみあう	0	自五	人多拥挤
9☆	サンダル	sandal	0,1	名	凉鞋
9	それに	それに	0	接	而且
9	大雨	おおあめ	3	名	大雨
9☆	災難	さいなん	3	名	灾难
9	まったく	まったく	0	副	完全，简直
9	恐い	こわい	2	形	可怕的
9☆	ドライブ	drive	2	名，自サ	开汽车旅行
9☆	ヒッチハイク	hitchhike	4	名	拦车旅行
9	二人連れ	ふたりづれ	0	名	二人结伴
9	乗せる	のせる	0	他一	让搭乘
9	なんと	なんと	1	叹	（表示惊异，赞同）呀，哎呀
9	突き付ける	つきつける	4	他一	放在眼前、对着
9	有り金	ありがね	2,1	名	现金，现款
9☆	怪しい	あやしい	0,3	形	奇怪的，可疑的
9	姥捨	うばすて	0	名	丢弃老太太
9	息子	むすこ	0	名	儿子
9☆	背負い	せおい	2	他五	背
9	捨てる	すてる	0	他一	扔掉
9	何度	なんど	1	名	几次、多少次
9	木	き	1	名	树
9☆	枝	えだ	0	名	树枝
9	訳	わけ	1	名	原因、理由
9	道しるべ（道標）	みちしるべ	3	名	路标
9	涙	なみだ	1	名	眼泪
9	昔話	むかしばなし	4	名	传说、故事
9☆	貧しい	まずしい	3	形	贫穷
9☆	百姓	ひゃくしょう	3	名	农民、百姓
9	風習	ふうしゅう	0	名	风俗、习惯
9☆	扶養	ふよう	0	名，他サ	抚养
9	似る	にる	0	自一	像、似
9	楢山節考	ならやまぶしこう	0	专	（小说名）
9	戦後	せんご	0,1	名	战后
9	遂げる	とげる	2,3	他一	完成、达到
9	関心	かんしん	0	名	关心
9☆	恍惚	こうこつ	0	名，形动	老年神志不清、恍惚
9	惚ける	ぼける	2	自一	老年头脑迟钝
9	題名	だいめい	0	名	题目、标题
9☆	若者	わかもの	0	名	老年人
9	含める	ふくめる	3	他一	包括、包含
9☆	生き甲斐	いきがい	0,3	名	生活的价值
10	盆栽園	ぼんさいえん	4	名	盆栽园
10	植物園	しょくぶつえん	4	名	植物园
10☆	提案	ていあん	0	名，他サ	提案，提议
10☆	賛成	さんせい	0	名，自サ	赞同，赞成
10	景色	けしき	1	名	景色
10	この間	このあいだ	5,0	名	前些日子
10	勧める	すすめる	0,	他一	劝，劝告
10	つまらない	つまらない	3	形	不值钱，无聊，无意义
10	丘	おか	0	名	丘陵，小山
10	花壇	かだん	1	名	花坛
10	どうせ	どうせ	0	副	反正
10	仕方が無い	しかたがない	　	组	没办法，无济于事
10☆	交差点	こうさてん	3,0	名	交叉点，十字路口
10	渡る	わたる	0	自五	渡，过
10	トラック	トラック	2	名	卡车
10	衝突	しょうとつ	0	名，自サ	撞，冲突
10	轢く	ひく	0	他五	轧，压
10	まあ	まあ	1	叹	（女性吃惊时）唉
10	正門	せいもん	0	名	正门
10	弁当	べんとう	3	名	盒饭
10	四川	しせん	1	专	四川
10☆	大地震	おおじしん	3	名	大地震
10	生死	せいし	1	名	生死
10	瀬戸際	せとぎわ	0,4	名	紧要关头
10	同胞愛	どうほうあい	3	名	同胞之爱
10☆	死者	ししゃ	1	名	死者
10☆	行方不明者	ゆくえふめいしゃ	5	名	下落不明者
10	約	やく	1	名	大约
10☆	負傷者	ふしょうしゃ	2	名	受伤者
10	被害	ひがい	1	名	受害、损失
10	不意	ふい	1	名，形动	意外、想不到
10	発生	はっせい	0	名，自サ	发生
10	現地	げんち	1	名	当地
10	多大	ただい	0	形动	很大的、极大的
10☆	損失	そんしつ	0	名，自サ	损失
10	苦難	くなん	1,0	名	苦难
10	もたらす	もたらす	3	他五	带来
10	悲劇	ひげき	1	名	悲剧
10	数々	かずかず	1	名	多数、种种
10	揺さぶる	ゆさぶる	0	他五	摇动、震撼
10	物語	ものがたり	3	名	故事
10	冷たい	つめたい	0	行	冷的；冷淡的
10	降り続く	ふりつづく	0,4	自五	一直在下
10	切り裂く	きりさく	3	他五	劈开、撕裂
10	救急車	きゅうきゅうしゃ	3	名	救护车
10☆	サイレン	siren	1	名	警笛
10	鳴り響く	なりひびく	4	自五	响彻
10	運ぶ	はこぶ	0	他五	搬运
10☆	倒壊	とうかい	0	名，自サ	（建筑物）倒塌
10☆	救出	きゅうしゅつ	0	名，他サ	救出
10☆	生徒	せいと	1	名	中小学生
10☆	姪	めい	0,1	名	侄女
10	もしも	もしも	0	副	假使，万一
10	かばう	かばう	2	他五	庇护、袒护
10	発見	はっけん	0	名，他サ	发现
10	両腕	りょううで	0	名	两臂
10	広げる	ひろげる	0	他一	扩大；展开
10	打つ伏せる	うつぶせる	4	他一	脸朝下；俯
10☆	無事	ぶじ	0	名，形动	平安无事
10	打つ	うつ	1	他五	打
10	亡くなる	なくなる	0	自五	去世
10	救助隊員	きょうじょたいいん	4	名	救援队员
10	様子	ようす	0	名	样子
10	振り返る	ふりかえる	3	他五	回头看；回忆；回顾
10	妻	つま	1	名	妻子
10	夫	おっと	0	名	丈夫
10	土	つち	2	名	土
10	拭う	ぬぐう	2,0	他五	擦拭、擦去
10☆	乱れる	みだれる	3	自一	乱
10	髪	かみ	2	名	头发
10	整える	ととのえる	3,4	他一	整理
10	主人	しゅじん	1	名	丈夫
10☆	娘	むすめ	3	名	女儿
10	洗顔	せんがん	0	名，自サ	洗脸
10	着替え	きがえ	0	名	换衣服、更衣
10	早々と	そうそうと	0	副	早早地
10	すすり泣く	すすりなく	4,0	自五	抽抽搭搭地哭
10	もはや	もはや	1	副	已经
10	その場	そのば	0,3	名	当场；就地；现场
10	のっとる	のっとる	3	自五	按照、遵守
10☆	爆竹	ばくちく	0	名	爆竹
10	鳴らす	ならす	0	他五	发出声响
10☆	安らか	やすらか	2	形动	安详地
11☆	読書	どくしょ	0,1	名	看书
11☆	返す	かえす	1	他五	归还，送回（原处）
11	山本	やまもと	0	专	山本（姓氏）
11	らしい	らしい	0	接尾	像…似的，像…样子
11☆	発想	はっそう	0	名	构思，表达
11☆	視点	してん	0,2	名	角度，视点，观点
11	かかわり	かかわり	0	名	有关，有瓜葛
11☆	数日	すうじつ	0	名	数日
11☆	愛読書	あいどくしょ	4	名	爱读的书
11	吾輩は猫である	わがはいはねこである	　	专	(作品名）
11	やっぱり	やっぱり	3	副	やはり的口语形
11☆	語学	ごがく	1,0	名	语言学，外语
11	文学	ぶんがく	1	名	文学
11	冊	さつ	　	接尾	本，册
11☆	貸出し	かしだし	0	名	出借
11☆	期間	きかん	2	名	期间，期限
11	再来週	さらいしゅう	0	名	下下星期
11☆	作品	さくひん	0	名	作品
11☆	作家	さっか	1	名	作家
11☆	夏目漱石	なつめそうせき	4	专	（作家名）
11	嘗て	かつて	1	副	曾经
11	文化的	ぶんかてき	0	形动	有文化（的）；有教养（的）
11☆	求める	もとめる	3	他一	追求；寻求；征求
11☆	唯一	ゆいいつ	1	名	独一、唯一
11☆	教養	きょうよう	0	名	教养
11	暇つぶし	ひまつぶし	3,5	名	消磨时间
11☆	漫画	マンガ	0	名	漫画
11	機能	きのう	1,0	名	机能
11☆	メディア	media	１	名	手段；媒体
11☆	譲る	ゆずる	0	他五	转让；让步；出让
11	なお	なお	1	副	仍然；再；还
11	即ち	すなわち	2	接	即、换言之；即是
11☆	作用	さよう	1	名，自サ	作用
11☆	物知り	ものしり	3,4	名	博学多识
11☆	問いかけ	といかけ	0	名	提问
11	弱い	よわい	2	形	弱的
11☆	人生	じんせい	1	名	人生
11	位置づける	いちづける	4	他一	放在……位置上
12☆	形式	けいしき	0	名	形式
12☆	短い	みじかい	3	形	短，简短，（时间）短少
12☆	作文	さくぶん	0	名	作文
12	筆記試験	ひつきしけん	5	名	笔试
12	口頭試験	こうとうしけん	0	名	口试
12☆	短文	たんぶん	0	名	短句
12☆	冗談	じょうだん	3	名	笑话，玩笑
12	笑う	わらう	0	自五	笑
12☆	眠い	ねむい	0	形	困倦，想睡觉
12	夕べ	ゆうべ	3	名	昨晚
12	今まで	いままで	3	副	迄今
12	文型	ぶんけい	0	名	句型
12☆	整理	せいり	1	名，他サ	整理
12	だいぶ	だいぶ	0	副	相当：（数量）不少
12☆	怠ける	なまける	3	他一	偷懒，懒惰
12	いたずら	いたずら	0	副，名	淘气，恶作剧
12☆	断る	ことわる	3	他五	预先打招呼，拒绝
12	字	じ	1	名	字
12	感動	かんどう	0	名，自サ	感动
12	黒板	こくばん	0	名	黑板
12	例	れい	1	名	例子
12	いらっしゃる	いらっしゃる	4	自五	行く,来る,いる的敬语
12☆	繰り返す	くりかえす	0,3	他五	反复
12	同時に	どうじに	1,0	副	同时
12	真似	まね	0	名	仿效，模仿
12	焦る	あせる	2	自五	焦急，着急
12☆	実物	じつぶつ	0	名	食物
12☆	訳す	やくす	2	他五	翻译
12	そのかわり	そのかわり	0	接尾	代替前者，作为补偿
12	問い	とい	0	名	提问，问题
12	口	くち	0	名	嘴
12	紙	かみ	2	名	纸
12	可笑しい	おかしい	3	形	可笑，失常
12	女子学生	じょしがくせい	3	名	女学生
12	泣く	なく	0	自五	哭泣
12☆	習得	しゅうとく	0	名，他サ	学习；学会
12☆	上達	じょうたつ	0	名，自サ	进步；长进
12☆	コミュニケーション	communication	4	名	（语言）交流、沟通
12	積み重ねる	つみかさねる	5	他一	不断积累
12☆	比喩	ひゆ	1	名	比喻
12☆	構造	こうぞう	0	名	构造
12	原理	げんり	1	名	原理
12☆	無駄	むだ	0	形动	徒劳的、白费的
12	ともかく	ともかく	1	副	姑且不说；总之
12☆	サドル	saddle	0	名	（自行车等）车座
12	跨る	またがる	3	自五	跨；横跨
12☆	ペダル	pedal	0	名	（自行车）脚踏板
12☆	条件	じょうけん	3	名	条件
12	つける	つける	2	他一	附加
12	不可欠	ふかけつ	2	名，形动	不可缺少的
12☆	大幅	おおはば	0,4	名	大幅度
12☆	容易	ようい	0	形动	容易
13	敬語	けいご	0	名	敬语
13☆	目覚める	めざめる	3	自一	睡醒，觉醒
13	目を通す	めをとおす	1	组	浏览，过目
13☆	出勤	しゅっきん	0	名，自サ	上班
13	教員室	きょういんしつ	0	名	教员室
13☆	ジャーナル	journal	1	名	期刊
13☆	載る	のる	0	自五	登载
13	太極拳	たいきょくけん	4	名	太极拳
13	社説	しゃせつ	0	名	社论
13	重要	じゅうよう	0	形动	重要的
13☆	記事	きじ	1	名	新闻，报道
13	じっくり	じっくり	3	副，自サ	定定心心地，仔细地
13	お宅	おたく	0	名	府上
13	新聞を取る	しんぶんをとる	　	组	订报
13	人民日報	じんみんにっぽう	5	专	人民日报（报纸名）
13	散散	さんざん	0	副，形动	狼狈，糟糕透顶
13	合わせる	あわせる	3	他一	合、并；加在一起
13☆	遅刻	ちこく	0	名，自サ	迟到
13	台	だい	1	接尾	…辆、…台
13☆	相手	あいて	3	名	伙伴；对手
13☆	目上	めうえ	0,3	名	长辈、上司
13	話題	わだい	0	名	话题
13	型	かた	2	名	样式；惯例
13☆	敬意	けいい	1	名	敬意
13☆	程度	ていど	1,0	名	程度
13	尊敬語	そんけいご	0	名	尊敬语
13	謙譲語	けんじょうご	0	名	谦让语
13☆	区別	くべつ	1	名，他サ	区别；差异
13☆	聞き手	ききて	0	名	听者；听众
13	話して	はなして	0,4	名	说话的人
13	第何号	だいなんごう	1	名	第几期
13	以上	いきょう	1	名	以上
13	なるべく	なるべく	0,3	副	尽可能
13	あす	あす	2	名	明天
13	丁寧語	ていねいご	0	名	恭敬语、郑重语
13	対する	たいする	3	自サ	对于
13	属する	ぞくする	3	自サ	属于
13	行為	こうい	1	名	行为
13☆	状態	じょうたい	0	名	状态
13☆	用いる	もちいる	0,3	他一	使用；采用
13	自分自身	じぶんじしん	4	名	自己
13☆	身近	みぢか	0	形动	切身；身边
13☆	仲間	なかま	3	名	伙伴、同伴
13	謙遜	けんそん	0	名，他サ	自谦、谦逊
13☆	取り違える	とりちがえる	0,5	他一	拿错了、理解错了
13	言い表す	いいあらわす	5	他五	表达、陈述
13☆	物事	ものごと	2	名	事物、事情
13☆	上品	じょうひん	3	形动	高雅的
13☆	使い分ける	つかいわける	5	他一	分别使用；适当地使用
14☆	平和	へいわ	0	名	和平
14	予約	よやく	0	名，他サ	预约
14	間も無く	まもなく	2	副	不久
14☆	町並	まちなみ	0	名	街上房屋的排列情况
14	びっくり	びっくり	3	副，自サ	吃惊，下一跳
14☆	フロント	front	0	名	饭店服务台、前台
14	ござる	ござる	2	自五	ある,いる的郑重语
14☆	宿泊	しゅくはく	0	名，自サ	住宿
14☆	ツイン	twin	1	名	双人房
14	調べる	しらべる	3	他一	调查，查找
14	田中秀雄	たなかひでお	　	专	人名
14☆	貿易	ぼうえき	0	名，自サ	贸易
14☆	ゼロ	zero	1	名	零
14	空港	くうこう	0	名	机场
14☆	出迎える	でむかえる	0,3	他一	迎接
14	ようこそいらっしゃいました	ようこそいらっしゃいました	　	寒暄语	（寒暄语）欢迎光临
14	来訪	らいほう	0	名，自サ	来访
14	手数をかける	てすうをかける	　	组	添麻烦
14☆	参る	まいる	1	自五	行く,来る的自谦语
14	さぞ	さぞ	1	副	想必，谅必
14	好天	こうてん	0,3	名	好天气
14☆	恵まれる	めぐまれる	0,4	自一	富有
14☆	快適	かいてき	0	形动	舒适，舒服
14	何より	なにより	0	组，副	比什么（都好）
14	おっしゃる	おっしゃる	3	他五	言う的尊敬语
14	数年	すうねん	0	名	数年，几年
14☆	方角	ほうがく	0	名	方向，方位
14	当たる	あたる	0	自五	相当于
14☆	向かう	むかう	0	自五	向着，朝着，住…去
14	走る	はしる	2	自五	跑，奔，行驶
14☆	スピード	speed	2,0	名	速度
14	高層ビル	こうそうビル	0	名	高楼
14	政策	せいさく	0	名	政策
14	基づく	もとづく	3	自五	基于，起因于
14	市	し	1	名	市
14	大道	だいどう	0,3	名	大道
14	両側	りょうがわ	0	名	两侧
14	シャンハイ・センタービル	シャンハイセンタービル	5	专	上海中心大厦
14☆	人込み	ひとこみ	0	名	杂沓的人群
14	中心地	ちゅうしんち	3	名	中心地带
14	左手	ひだりて	0	名	左边，左手
14	見える	みえる	2	自一	看到，看得见
14☆	右手	みぎて	0	名	右边，右手
14☆	トンネル	tunnel	0	名	隧道
14☆	タワー	tower	1	名	塔
14	東方	とうほう	0	名	东方
14	目覚しい	めざましい	4	形动	惊人的，异常显著
14	真珠	しんじゅ	0	名	明珠
14☆	一流	いちりゅう	0	名	一流
14	近代的	きんだいてき	0	形动	近代的
14	只今	ただいま	2	副	现在，刚刚，马上
14☆	パスポート	passport	3	名	护照
14	寛ぐ	くつろぐ	3	自五	轻松的休息，惬意
14	後程	のちほど	0	副	回头，过一会儿
14	拝啓	はいけい	1	名	（书信用语）敬启
14	さて	さて	1	接	（用于转话题）那么、且说
14	此の度	このたび	2	名	这次、此次
14☆	入試	にゅうし	0,1	名	升学考试
14	合格	ごうかく	0	名，自サ	合格、及格
14☆	決まる	きまる	0	自五	决定
14	以来	いらい	1	名	以来
14	気がかり	きがかり	2	形动	挂念、担心
14	これほど	これほど	0	副	这种程度
14☆	心構え	こころがまえ	4	名	精神准备、思想准备
14	感謝	かんしゃ	1	名，自サ	感谢
14	更に	さらに	1	副	更加、重新
14	申し上げる	もうしあげる	0,5	他一	「いう」的自谦语
14☆	末筆ながら	まっぴつながら	0	组	（书信结尾用语）顺……
14☆	報告	ほうこく	0	名，他サ	报告
14☆	敬具	けいぐ	1	名	敬启
15☆	実習	じっしゅう	0	名，他サ	学习，见习
15	学科	がっか	0	名	学科
15☆	面接	めんせつ	0	名，自サ	面试
15	応対	おうたい	0	名，自サ	应酬，接待
15	社外	しゃがい	1	名	（公司外部的）人
15	社内	しゃない	1	名	（公司内部的）人
15	敬称	けいしょう	0	名	敬称
15☆	基本的	きほんてき	0	形动	基本的
15	復唱	ふくしょう	0	名，他サ	复述
15☆	確認	かくにん	0	名，他サ	证实，确认
15☆	用件	ようけん	3,0	名	（应办的）事，事情的内容
15	名指し	なざし	0	名	指明
15	座る	すわる	0	自五	坐
15	万建	まんけん	1	专	万建（人名）
15	接待	せったい	1	名，他サ	接待，招待
15	事務	じむ	1	名	事务
15	優れる	すぐれる	3	自一	优秀的
15	引き続き	ひきつづき	0	副	继续，接着
15☆	検討	けんとう	0	名，他サ	研讨，讨论
15☆	来客	らいきゃく	0	名	来客
15	三井	みつい	1	专	三井（公司名）
15	物産	ぶっさん	0	名	物产
15	野村	のむら	0	专	野村（公司名）
15☆	営業部	えいぎょうぶ	3	名	营业部
15	実習生	じっしゅうせい	3	名	实习生
15☆	応接室	おうせつしつ	4	名	会客室，接待室
15	越す	こす	0	自五	来，去的敬语
15	上座	かみざ	0	名	上席，上座
15	示す	しめす	0	他五	表示，出示
15	三菱	みつびし	2	专	三菱（公司名）
15	商事	しょうじ	1	名	商事，商名
15	住友	すみとも	0	专	住友（公司名）
15	中村	なかむら	0	专	中村（姓氏）
15	繋ぐ	つなぐ	0	他五	拴，系，接上
15	席をはずす	せきをはずす	0	组	离开座位，
15	予定	よてい	0	名，他サ	预定
15☆	差し支え	さしつかえ	0	名	不方便，防碍
15☆	代わり	かわり	0	名	代替，补偿
15☆	承る	うけたまわる	0,5	他五	聞く，受ける的谦虚让语
15	伝言	でんごん	0,3	名，他サ	带口信
15	内線	ないせん	0	名	内线
15	三洋電気	さんようでんき	5	专	三洋电器（公司名）
15	西村	にしむら	0	专	西村（姓氏）
15	ども	ども	1	接尾	（接在第一人称下）表自谦
15	新製品	しんせいひん	3	名	新产品
15☆	開発	かいはつ	0	名，他サ	开发，研制
15	先ほど	さきほど	0	名，副	方才、刚才
15	部分	部分	1	名	部分
15	共同体	きょうどうたい	0	名	共同体
15☆	上司	じょうし	1	名	上司
15☆	同僚	どうりょう	0	名	同事
15	ストレス	stress	2	名	精神紧张
15☆	解消	かいしょう	0	名，自他サ	解除、消除
15	スムーズ	smooth	2	形动	顺利、流畅
15	結果的	けっかてき	5	形动	从结果来看
15	日本的	にほんてき	0	形动	日本式的
15	何れ	いずれ	0	副	改日、不久
15☆	遠回し	とおまわし	3,0	名	拐弯抹角、绕弯儿
15	付き合う	つきあう	3	自五	交往、作陪
15☆	本音	ほんね	0	名	真心话
15	語り合う	かたりあう	4	他五	交谈
16	見物	けんぶつ	0	名，他サ	游览，观察
16☆	研修	けんしゅう	0	名，他サ	进修
16	小島	こじま	0	专	小岛（姓氏）
16	教育	きょういく	0	名，他サ	教育
16	分野	ぶんや	1	名	领域
16	真ん中	まんなか	0	名	正中央
16	皇居	こうきょ	1	名	皇宫
16	市街	しがい	1	名	市区，繁华街道
16	蜘蛛	くも	1	名	蜘蛛
16	巣	す	0,1	名	巢，窝
16☆	広がる	ひろがる	0	自五	蔓延，扩大
16	霞ヶ関	かすみがせき	4	专	霞关（地名）
16	丸の内	まるのうち	3	专	丸之内（地名）
16	銀座	ぎんざ	0	专	银座（地名）
16	都心	としん	0	名	东京都的中心地带，都市中心
16☆	官庁	かんちょう	1,0	名	官厅
16	立ち並ぶ	たちならぶ	0	自五	排列，匹敌
16	一方	いっぽう	3	名	另一方面
16	新宿	しんじゅく	0	专	新宿（地名）
16	渋谷	しぶや	0	专	涩谷（地名）
16	池袋	いけぶくろ	3	专	池袋（地名）
16	副都心	ふくとしん	3	专	大城市的副中心区
16	娯楽	ごらく	0	名	娱乐
16	栄える	さかえる	3	自一	兴旺，繁华
16	浅草	あさくさ	0	名	浅草(地名）
16☆	庶民	しょみん	1	专	平民，群众
16☆	下町	したまち	0	名	近海临河小工商业者集居区
16	雰囲気	ふんいき	3	名	气氛
16	溢れる	あふれる	3	自一	溢出，漾出
16☆	親しむ	したしむ	3	自五	喜好，亲近
16	首都	しゅと	2,1	名	首都
16	東京都	とうきょうと	3	专	东京都（城市名）
16	面積	めんせき	1	名	面积
16	平方	へいほう	1,0	名	平方
16	大都市	だいとし	3	名	大都市
16	人口	じんこう	0	名	人口
16	全体	ぜんたい	1	名	全体，整体
16☆	比べる	くらべる	0	他一	比，比较
16	区	く	1	名	（行政区划）区
16	周辺	しゅうへん	0,1	名	周围，四周
16☆	広場	ひろば	1,2	名	广场
16	散歩道	さんぽみち	3	名	步行道
16	一週	いっしゅう	0	名，他サ	一周
16☆	バレボールー	volleyball	4	名	排球
16	役所	やくしょ	3	名	官厅，政府机关
16☆	マラソン	marathon	0	名	马拉松
16	国内外	こくないがい	3	名	国内外
16	団体	だんたい	0	名	团体
16	観光バス	かんこうバス	5	专	游览客车
16	一年中	いちねんじゅう	0	名	一年中
16	観光客	かんこうきゃく	3	名	游览者，游客
16	緑	みどり	1	名	绿色
16	江戸城	えどじょう	2	专	江户城
16	一部	いちぶ	2	名	一部分
16	後	あと	1	名	其余的事、后事
16	石造り	いしづくり	3	名	石造的
16	国会議事堂	こっかいぎじどう	0,6	名	国会议事堂
16	…通り	…どおり	　	接尾	表示街名
16☆	特色	とくしょく	0	名	特色
16	一体	いったい	0	副	究竟，到底
16	豊富	ほうふ	1,0	名，形动	丰富
16	それなら	それなら	3	接	要是那样的话
16☆	天国	てんごく	1	名	乐园，天堂
16	遊び場	あそびば	0	名	游戏场
16	楽しめる	たのしめる	4	自一	能享受，能欣赏
16	歩行者	ほこうしゃ	2	名	步行者
16☆	通行止め	つうこうどめ	0	名	禁止通行
16☆	露店	ろてん	0	名	摊贩，摊床
16	わあ	わあ	1	叹	（感到意外或吃惊）呀，哎呀
16	都庁舎	とちょうしゃ	2	名	东京都政府大厦
16	移す	うつす	2	他五	移，搬，迁
16	集中	しゅうちゅう	0	名，自他サ	集中
16	防ぐ	ふせぐ	2	他五	防止，防备
16	並ぶ	ならぶ	0	自五	排列成（行，列）
16☆	残る	のこる	2	自五	剩余，残留
16☆	囲む	かこむ	0	他五	围、包围
16	山城	やまじろ	0	名	山城
16	鴨川	かもがわ	0	专	鸭川（河流名）
16	四季	しき	1,2	名	四季
16☆	映す	うつす	2	他五	映、照
16☆	合流	ごうりゅう	0	名，自サ	汇合；合并
16	大阪湾	おおさかわん	4	专	大阪湾（海湾名）
16	注ぐ	そそぐ	0,2	自他五	流入、注入
16	盆地	ぼんち	0	名	盆地
16	蒸し暑い	むしあつい	4	形	闷热
16☆	底冷え	そこびえ	0	名	寒冷彻骨
16	山紫水明	さんしすいめい	1	名	山清水秀
16	地	ち	1	名	地方
16	自然美	しぜんび	2	名	自然美
16☆	抜群	ばつぐん	0	名	超群、出众
16	やってくる	やってくる	4	自カ	来、来到
16	土地	とち	0	名	土地
16	祇園祭り	ぎおんまつり	4	专	京都八坂神社的庙会
16	西陣織	にしじんおり	0	专	京都西阵产的纺织品
16	伝統	でんとう	0	名	传统
16☆	響き	ひびき	3	名	听到时的感觉；回声
16☆	薄味	うすあじ	0	名	味道清淡
16	京料理	きようりょうり	3	名	京都菜
16	都	みやこ	0	名	首都、京都
16	洗練	せんれん	0	名，他サ	历练；考究
17	研修生	けんしゅうせい	3	名	进修生
17☆	一環	いっかん	0	名	一环，一部分
17	作業	さぎょう	0	名，自他サ	工作，作业
17☆	現場	げんば	0	名	现场
17☆	建てる	たてる	2	他一	盖，建立
17☆	ボディー	body	1	名	车体，机身
17	関連	かんれん	0	名	关连
17	能率的	のうりつてき	0	形动	有效的
17	ロボット	robot	2	名	机器人
17	生産	せいさん	0	名，他サ	生产
17☆	ライン	line	1	名	线
17☆	コントロール	control	4	名，他サ	控制
17	自動化	じどうか	0	名，他サ	自动化
17☆	危険	きけん	0	名，形动	危险
17	生産量	せいさんりょう	3	名	产量
17	輸出	ゆしゅつ	0	名，他サ	输出，出口
17☆	杉村	すぎむら	2	专	杉村（姓氏）
17☆	スケジュール	schedule	2,3	名	日程表，时间表
17	タイヤ	tire	0,1	名	轮胎
17☆	エンジン	engine	1	名	引擎，发动机
17	ら	ら	　	接尾	（表示复数）们
17	先進的	せんしんてき	0	形动	先进的
17☆	設備	せつび	1	名	设备
17	取り入れる	とりいれる	0	他一	吸收，吸取
17☆	敷地	しきち	0	名	占地，用地
17	仕組み	しくみ	0	名	结构，构造
17	職場	しょくば	3,0	名	车间
17	事務所	じむしょ	2	名	事务所
17	御覧	ごらん	0	名	（敬语）看，观赏
17	溶接	ようせつ	0	名，他サ	焊接，熔接
17☆	生き物	いきもの	2,3	名	有生命的东西，活物
17	名前をつける	なまえをつける	　	组	起名字
17	桃太郎	ももたろう	2	名	桃太郎
17☆	ブレーキ	brake	2	名	刹车
17	性能	せいのう	0	名	性能，效能
17	シャワー	shower	1	名	骤雨，淋浴
17	テスト	test	1	名，他サ	试验，检查，考试
17	国国	くにぐに	2	名	各国
17	総額	そうがく	0,1	名	总金额
17	パーセント	パーセント	3	名	百分之…
17☆	占める	しめる	2	他五	占，占有
17	国産	こくさん	0	名	国产
17	運ぶ	はこぶ	0	他五	运送，搬送
17	正確	せいかく	0	名，形动	正确
17☆	ミス	miss	1	名	错误
17☆	手順	てじゅん	0	名	（工作）步骤，程序
17	すると	すると	0	接尾	于是就，那么说来
17☆	記憶	きおく	0	名，他サ	记忆
17	インプット	input	3	名	（计算机）输入信号
17	気が散る	きがちる	0	组	注意力不集中
17	全	ぜん	1	名	整个，全部
17	恐らく	おそらく	2	副	也许，恐怕
17	人減らし	ひとべらし	0,3	名	裁员，减员
17☆	取り組む	とりくむ	0，3	自五	致力，与…比赛
17☆	導入	どうにゅう	0	名，他サ	引进；导入
17	経営者	けいえいしゃ	3	名	经营者
17☆	コスト	cost	1	名	成本
17	下がる	さがる	2	自五	下降
17	言い付ける	いいつける	4	他一	吩咐
17	如何に	いかに	2	副	如何、怎样
17	忠実	ちゅうじつ	0	形动	忠实
17	効果的	こうかてき	0	形动	有成效的
17	手加減	てかげん	2	名，自他サ	（处理事情）酌情；适度
17	腕	うで	2	名	胳膊；技能
17	挟む	はさむ	2	他五	夹
17	作業員	さぎょういん	2	名	操作员、作业员
17	電磁波	でんじは	3	名	电磁波、电波
17☆	暴走	ぼうそう	9	名，自サ	狂奔；鲁莽从事
17	死亡	しぼう	0	名，自サ	死亡
17☆	起こす	おこす	2	他五	引起；扶起；叫醒
17	企業	きぎょう	1	名	企业
17	内	ない	1	接尾	内部
17	配置転換	はいちてんかん	4	名	调配、调动（工作）
17	余剰	よじょう	0	名	剩余
17	人員	じんいん	0	名	人员
17☆	生じる	しょうじる	0,3	自一	发生，产生
17☆	失業	しつぎょう	0	名，自サ	失业
18	より	より	1	副	更
18	訪日	ほうにち	0	名	访日
18	松本	まつもと	0	专	松本（姓氏）
18	電力	でんりょく	1,0	名	电力、电
18☆	給料	きゅうりょう	1	名	工资
18	奥さん	おくさん	1	名	夫人，太太
18☆	パート	part	1	名	零工
18	冷蔵庫	れいぞうこ	3	名	冰箱
18☆	物価	ぶっか	0	名	物价
18	年年	ねんねん	0	副	每年，逐年
18	上がる	あがる	0	自五	涨（价；（从上往下）登
18	収入	しゅうにゅう	0	名	收入
18☆	追い付く	おいつく	3	自五	追上，赶上
18	住宅	じゅうたく	0	名	住宅
18	ちょっとした	ちょっとした	0,1	连体	相当，尚可
18☆	マンション	mansion	1	名	高级公寓
18	安月給	やすげっきゅう	3	名	低工资，工薪低
18	月月	つきづき	2	名，副	月月，每月
18☆	ローン	loan	1	名	贷款，借款
18☆	支払う	しはらう	3	他五	支付，付款
18☆	暴騰	ぼうとう	0	名，自サ	（物价等）暴涨
18	アパート	apart	2	名	公寓
18☆	家賃	やちん	1	名	房租
18	高嶺の花	たかねのはな	0	惯	高不可攀
18☆	玄関	げんかん	1	名	大门，正门
18	お子さん	おこさん	0	名	令郎，令爱
18☆	税金	ぜいきん	0	名	税款
18	保険料	ほけんりょう	2	名	保险费
18☆	天引き	てんびき	0	名，他サ	先行扣除
18	手取り	てどり	3	名	实际到手的收入
18☆	家内	かない	1	名	妻子，内人
18	貯金	ちょきん	0	名，自他サ	存款，储蓄
18	老後	ろうご	0,1	名	老后
18	超える	こえる	0	自一	超过
18	年収	ねんしゅう	0	名	年收入
18	以下	いか	1	名	以下
18	金持ち	かねもち	4,3	名	有钱人
18	むしろ	むしろ	1	副	倒不如说
18	小遣い	こづかい	1	名	零花钱
18☆	床屋	とこや	3	名	理发店，理发师
18	家計	かけい	0	名	家计，家中收支情况
18	いろいろと	いろいろと	0	副	种种，各种各样
18	工夫	くふう	0	名，他サ	设法，想办法
18☆	狭い	せまい	2	形动	狭小
18	来年	らいねん	0	名	明年
18☆	住まい	すまい	2	名	住宅，住址
18	決心	けっしん	1,3	名，自サ	决心
18☆	大金	たいきん	0	名	巨款
18	分譲	ぶんじょう	0	名，他サ	分开出售，售出一部分
18	つき	つき	　	接尾	带，附带
18	一部屋	ひとへや	2	名	一套住房
18	地獄	じごく	3	名	地狱
18	地価	ちか	2	名	地价
18	坪	つぼ	0	名	坪（约合3.3平方米）
18	億	おく	1	名	亿
18☆	持ち家	もちいえ	2	名	个人私有房产
18	割合	わりあい	0	名	比例
18	自営業	じえいぎょう	2	名	独自经营
18☆	世帯	せたい	2,1	名	户，(自立门户的)家庭
18	半数	はんすう	3	名	半数
18	軒	けん	2	名	（表示房屋数量）所
18	倍	ばい	1,0	名	倍，加倍
18	借家	しゃくや	0	名	租（借）的房子
18	衣	い	1	名	衣
18	食	しょく	0	名	食
18	住	じゅう	1	名	住
18	面	めん	1	名	方面
18☆	改善	かいぜん	0	名，他サ	改进，改善
18	金融	きんゆう	0	名	金融
18	危機	きき	1,2	名	危机
18	株価	かぶか	2,0	名	骨架
18	大暴落	だいぼうらく	3	名，自サ	大暴跌
18	報道	ほうどう	0	名，他サ	报道
18	まさに	まさに	1	副	将要、马上；的确、确实
18	進める	すすめる	0	他一	向前移动、向前进
18	見合わせる	みあわせる	4,0	他一	互相看、对视；推迟、暂缓
18	ぶつかる	ぶつかる	0	自五	撞上；遇到、碰到
18	国民総生産	こくみんそうせいさん	7	名	国民生产总值
18	一国	いっこく	4，0	名	一国
18☆	依存	いぞん	0	名，自サ	依存；依赖
18	誇張	こちょう	0	名，他サ	夸张
18	一人当たり	ひとりあたり	4	组	平均每个人
18	置き換える	おきかえる	3,4	他一	置换、调换
18	後退	こうたい	0	名，自サ	后退、衰退
18	国際	こくさい	0	名	国际
18☆	競争力	きょうそうりょく	3	名	竞争力
18	大国	たいこく	0	名	大国
18	状況	じょうきょう	0	名	状况
18	今回	こんかい	1	名	这次
18	支える	ささえる	0,3	他一	支撑；维持
18	欧州	おうしゅう	1	专	欧洲
18	消費	しょうひ	0,1	名，他サ	消费
18	低迷	ていめい	0	名，自他サ	减少
18	減少	げんしょう	0	名，自他サ	减少
18	引きずる	ひきずる	0	他五	拖、拽；拖累
18	金利	きんり	0,1	名	利息；利率
18	必然的	ひつぜんてき	0	形动	必然的
18	景気	けいき	0	名	景气
18	落ち着く	おちつく	0	自五	稳定下来、平静下来
18☆	悩む	なやむ	2	自五	苦恼
18☆	ブログ	blog	0	名	博客
19	歌舞伎	かぶき	0	名	歌舞伎
19☆	相撲	すもう	0	名	相扑
19☆	芸能	げいのう	0	名	文艺
19	決まり	きまり	0	名	规定，贯例
19	役者	やくしゃ	0	名	演员
19	演劇	えんげき	0	名	演剧，戏剧
19	国技	こくぎ	1,2	名	国技
19	勝負	しょうぶ	1	名	胜负，输赢
19	行司	ぎょうじ	3,0	名	相扑裁判员
19	判定	はんてい	0	名，他サ	判定，判断
19	地位	ちい	1	名	地位
19	負ける	まける	0	自一	输，败，负
19	小林	こばやし	0	专	小林（姓氏）
19	養子	ようし	0	名	养子
19☆	観客	かんきゃく	0	名	观众
19☆	イヤホーン	earphone	3	名	耳机
19	解説	かいせつ	0	名，他サ	讲解，解说
19	幕	まく	2	名	幕
19	舞台	ぶたい	1	名	舞台
19☆	下座	しもざ	0	名	下座，末席
19☆	伴奏	ばんそう	0	名，自サ	伴奏
19	演奏	えんそう	0	名，他サ	演奏
19	進行	しんこう	0	名，自他サ	进行，前进，进展
19	花道	はなみち	2	名	歌舞伎演员上下场的通道
19	観客席	かんきゃくせき	4	名	观众席
19	設ける	もうける	3	他一	设置，制定
19☆	出入り	でいり	0,1	名	出入
19☆	間近	まぢか	0	名	跟前，眼前
19	場面	ばめん	0	名	场面，场景
19	回り舞台	まわりぶたい	4	名	旋转舞台，转台
19☆	素早い	すばやい	3	形	快速，敏捷
19☆	移り変わる	うつりかわる	0	自五	变迁，变化
19	隈取り	くまどり	4	名	勾脸谱
19	かつら	かつら	0	名	（化妆等用的）假发
19	藤川	ふじかわ	2	专	藤川（姓氏）
19☆	欠かす	かかす	0	他五	缺少，缺
19	大関	おおぜき	1	名	大关（仅次于{横纲}的称号）
19	横綱	よこづな	0	名	横纲（相扑冠军大力士的称号）
19	対戦	たいせん	0	名，自サ	对照，比赛
19	思わず	おもわず	2	副	不由得
19	手に汗を握る	てにあせをにぎる	　	贯	捏一把汗
19	握る	にぎる	0	他五	握，攥，抓住
19	興行	こうぎょう	0	名，他サ	公演，上演
19	手に入る	てにはいる	　	组	到手
19☆	土俵	どひょう	0	名	（相扑）比赛场，摔跤场
19	力士	りきし	1,0	名	相扑力士
19☆	競技	きょうぎ	1	名，自サ	体育比赛，比赛
19	取り組み	とりくみ	0	组	（对手的）搭配，（比赛双方的）较量
19☆	派手	はで	2	形动	华丽
19	動き回る	うごきまわる	4	自五	不断走动，旋转
19	立ち上がる	たちあがる	0	自五	（相扑）交手，起来
19	足の裏	あしのうら	3,5	名	脚掌，脚心
19	以外	いがい	1	名	以外
19	土	つち	2	名	土
19	触れる	ふれる	0	自一	触，碰，涉及
19	負け	まけ	0	名	输
19	撒く	まく	1	他五	洒、泼
19	所謂	いわゆる	3,2	连体	所谓
19☆	清め	きよめ	3	名	洁净，去污
19	身長	しんちょう	0	名	身高
19	体重	たいじゅう	0	名	体重
19☆	制限	せいげん	3	名，他サ	限制
19☆	レスリング	wrestling	1	名	（西式）摔跤
19☆	ボクシング	boxing	1	名	拳击
19	痩せる	やせる	0	自一	瘦
19	百聞は一見にしかず	ひゃくぶんはいっけんにしかず	　	惯	百闻不如一见
19	こよなく	こよなく	2,3	副	特别、格外
19	愛	あい	1	名，他サ	爱
19	海外	かいがい	1	名	海外
19	衛星	えいせい	 0	名	卫星
19	甲子園	こうしえん	3	名	甲子园（地名）
19	球場	きょうじょう	0	名	球场
19☆	釘付け	くぎづけ	0	名，他サ	钉牢、钉住
19	地元	じもと	3,0	名	当地
19	応援	おうえん	0	名，他サ	声援、支援
19☆	プロ	professional	1	名	职业的
19	球団	きゅうだん	0	名	职业棒球俱乐部
19	分かれる	わかれる	3	自一	分开；区分
19	ペナント	pennant	0	名	细长三角旗；优胜
19☆	競う	きそう	2	他五	竞争、争夺
19	戦う	たたかう	0	自五	交锋、战争
19	両	りょう	1	名	双、两个
19☆	リーグ	league	1	名	同盟；联盟
19☆	優勝	ゆうしょう	0	名，自サ	优胜
19	チーム	team	1	名	队
19☆	シリーズ	series	1,2	名	（棒球夺冠）联赛；系列
19☆	オーナー	owner	1	名	（棒球职业队的）经营主；业主
19	展開	てんかい	0	名·自他サ	展开、开展
19	秘密	ひみつ	0	名	秘密
19☆	ビジネス	business	1	名	事务、商业
19	集団	しゅうだん	0	名	集体、集团
19☆	勤勉	きんべん	0	名，形动	勤勉、勤劳
19	年功序列	ねんこうじょれつ	5	名	论资排辈
19☆	面子	メンツ	1,0	名	面子；脸面
19	重視	じゅうし	1,0	名，他サ	重视
20	印象	いんしょう	0	名	印象
20	公衆電話	こうしゅうでんわ	5	名	公用电话
20	地下街	ちかがい	2	名	地下商店街
20☆	整備	せいび	0	名，自他サ	整修，配备，修配
20☆	道路	どうろ	1	名	道路
20	第一	だいいち	1	名	第一
20	全国	ぜんこく	1	名	全国
20☆	足りる	たりる	1	自一	足，够
20	物凄い	ものすごい	4	形	惊人的
20	ごみ	ごみ	2	名	垃圾
20	処理	しょり	1	名，他サ	处理
20	排気ガス	はいきガス	4	名	废气
20	中流	ちゅうりゅう	0	名	中层，中流，中游
20	意識	いしき	1	名，他サ	意识，意识到
20	中学生	ちゅうがくせい	0	名	中学生
20	戦争	せんそう	0	名	战争
20	非行	ひこう	3	名	不良行为
20	感想文	かんそうぶん	3,0	名	感想文章
20	発表	はっぴょう	0	名，他サ	发表
20	島国	しまぐに	2	名	岛国
20	北海道	ほっかいどう	3	专	北海道
20	本州	ほんしゅう	1	专	本州（地名）
20	四国	しこく	2	专	四国
20	九州	きゅうしゅう	1	专	九州
20	島	しま	2	名	岛
20☆	温泉	おんせん	0	名	温泉
20	地下	ちか	2	名	地下
20	喫茶店	きっさてん	3,0	名	咖啡馆
20☆	憩い	いこい	2	名	休息
20	時刻	じこく	1	名	时候，时刻
20	網の目	あみのめ	4	名	网眼
20	全土	ぜんど	3	名	全国，全境
20	零点五	れいてんご	1	数	零点五
20	いったん	いったん	0	副	一旦，万一
20	階級	かいきゅう	0	名	阶层，阶级
20	ホーム	ホーム	5	名	站台，月台
20	埋める	うめる	0	他一	埋，填补
20☆	現れる	あらわれる	4	自一	出现，显出
20	制度的	せいどてき	0	形动	制度的
20☆	現状	げんじょう	0	名	现状
20	志願者	しがんしゃ	2	名	志愿者
20	浪人	ろうにん	0	名	（未被录取）失学的学生
20	塾	じゅく	2	名	补习学校，私塾
20	深夜	しんや	1	名	深夜
20☆	バイク	bike	1	名	摩托车
20	乗り回す	のりまわす	4	他五	乘车到处转，乘车兜风
20	暴走族	ぼうそうぞく	3	名	暴走族
20	シンナー遊び	シンナーあそび	5	名	吸稀薄剂玩，吸毒玩
20	脱ぐ	ぬぐ	1	他五	脱
20☆	先端	せんたん	0	名	尖端，顶端
20	向ける	むける	0	自他一	向，朝，派遣
20	礼儀	れいぎ	3	名	礼仪，礼节
20	砕ける	くだける	3	自一	不拘形式，破碎
20☆	スカイ	sky	2	名	空中、天空
20☆	シティー	city	1	名	都市
20	巨大	きょだい	0	形动	巨大的
20	構造	こうそう	0	名，他サ	构思、设想
20	高密度	こうみつど	3	形动	高密度
20	主体	しゅたい	0	名	主体
20	触れ合い	ふれあい	0	名	心气相通、互相接触
20☆	バランス	balance	0	名	平衡、均衡
20☆	保つ	たもつ	2	自他五	保存；保持
20☆	空間	くうかん	0	名	空间
20	建築家	けんちくか	0	名	建筑家
20☆	超高層	ちょうこうそう	3	名	超高层
20	試みる	こころみる	4	他一	尝试
20☆	システム	system	1	名	系统、体系
20	地上	ちじょう	0	名	地上、地面
20☆	建設	けんせつ	0	名，他サ	建设
20	目的	もくてき	0	名	目标、目的
20	直径	ちょっけい	0	名	直径
20	頂上部	ちょうじょうぶ	3	名	顶部
20	内部	ないぶ	1	名	内部
20	層	そう	1	名	层
20	群	ぐん	1	名	群
20	内壁	ないへき	0	名	内壁
20	張り付ける	はりつける	4	他一	糊上、贴上
20	延床面積	のべゆかめんせき	5	名	总建筑面积
20	ドーム	dome	1	名	（东京）球形室内运动场
20	商業	しょうぎょう	1	名	商业
20	施設	しせつ	1,2	名	设施；设备
20	公共機関	こうきゅうきかん	5,6	名	公共设施
20	備える	そなえる	2,3	他一	准备、备置
20	除く	のぞく	0	他五	除了；去掉
20	兆	ちょう	1	名	兆
20	具体化	ぐたいか	0	名，自他サ	具体化
20	用地	ようち	1	名	用地
20	確保	かくほ	1	名，他サ	确保
20	問題点	もんだいてん	3	名	问题点
20	課題	かだい	0	名	课题
20	複雑	ふくざつ	0	名，形动	复杂
20	要求	ようきゅう	0	名，他サ	要求
20	ふさわしい	ふさわしい	4	形	适合、般配
20	香港	ホンコン	1	专	香港
20	応用	おうよう	0	名，他サ	应用
20	政府	せいふ	1	名	政府
20	実現	じつげん	0	名，自他サ	实现
20	働きかける	はたらきかける	6	自一	对……做工作、推动
1☆	エクスポ  	Expo	0	名	世博会
1	よりよい	よりよい  	3	组	更好
1	マーク	mark	1	名，他サ	标记、创造纪录
1	世	よ	1	名	社会、人世间
1☆	ベース	base	1	名	基本、基础；基地
1	創意　  	そうい	1	名	创意
1	加える	くわえる	0	他一	添加；加入；施加
1	数字	すうじ	0	名	数字
1☆	巧み　  	たくみ	0	名、形动	精巧、巧妙
1	組み合わせる　	くみあわせる	5	他一	合在一起、编在一起
1	繋がる	つながる	0	自五	连接、牵连
1	抱き合う　  	だきあう	3	自五	拥抱
1	全人類　	ぜんじんるい	3	名	全人类
1	未来　  	みらい	1	名	未来、将来
1	歩む	あゆむ	2	自五	走
1	重ね合わせる　  	かさねあわせる	6	他一	重叠在一起
1☆	疎通	そつう	0	名、自サ	沟通、疏通
1☆	集う	つどう	2	自五	集合、会合
1	理念　  	りねん	1	名	理念
1	表現	ひょうげん	3	名，他サ	表达、表现
1	四海　  	しかい	2	名	四海
1	宝物　  	たからもの	0	名	宝物
1☆	モチーフ  	motif	2	名	（作品的）中心思想；（音乐的）主题
1	互いに	たがいに	0	副	相互
1	美しい	うつくしい	4	形	美丽的
1☆	生きる	いきる	2	自一	活、生存；生活
1	造る	つくる	2	他五	制造
1☆	強調	きょうちょう	0	名、他サ	强调
1	秋山	あきやま	2	名	秋山（姓氏）
1☆	ボランテイア	volunteer	2	名	志愿者
1	各国　  	かっこく	1,4	名	各国
1☆	パビリオン	pavilion	2	名	主题馆、展馆
1	そのとおり	そのとおり	3	组	正是那样、完全正确
1	ライフ  	life	1	名	生命、生活、人生
1	調和 	ちょうわ	0	名、自サ	协调、调和、和谐
1	自然	しぜん	0	名、形动、副	自然
1☆	融合 	ゆうごう	0	名、自サ	融合
1	ロゴ  	logo	1	名	（「ロゴタイプ」的略语）联合活字、（公司等）表示图案
1☆	イメージ 	image	1,2	名	形象；印象；影像
1☆	睦まじい	むつまじい	4	形	和睦的
1	拡張	かくちょう	0	名、他サ	扩大；扩充
1	文字通り	もじどおり	3	名、副	如字面意思；的的确确
1	国際的	こくさいてき	0	形动	国际的
1☆	イベント  	event	0	名	事件；活动；集会
1	規模　  	きぼ	1	名	规模
1	圧倒	あっとう	0	名、他サ	折服、压倒
1	両岸　  	りょうがん	0	名	两岸
1☆	軸　  	じく	2	名	轴
1☆	冠　  	かんむり	0	名	冠
1	雄大 	ゆうだい	0	形动	宏大、雄伟
1	深い	ふかい	2	形	深的
1	感銘 	かんめい	0	名、自サ	感人肺腑；铭刻在心
1	支持	しじ	1	名、他サ	支持
1	援助 	えんじょ	1	名、他サ	帮助、支援
1	切り離す	きりはなす	4,0	他五	割开、剪开；割裂
1	愛知　  	あいち	1	专	（地名）
1	応用文　 	おうようぶん	3	名	应用文
1☆	スタッフ  	staff	2	名	部门负责人、干部、职员
1☆	憧れる	あこがれる	0	自一	向往
1	夢見る	ゆめみる	3	自一	做梦、空想
1	知り合う	しりあう	2	自五	互相认识
1	異文化　  	いぶんか	2	名	不同文化
1	方々　  	かたがた	2	名	各位
1	元気づける　  	げんきづける	5	他一	鼓励、大气、使精神振奋
1☆	架け橋　  	かけはし	2	名	梯子；桥梁
1	願う	ねがう	2	他五	希望；恳求、祈祷
1☆	円滑	えんかつ	0	形动	顺利地
1	選考	せんこう	0	名、他サ	选拔、遴选
1	パス	pass	1	名、自他サ	通过、合格
1	来場者　	らいじょうしゃ	0	名	到场者、与会者
1	配付	はいふ	0	名、他サ	分发
1☆	迷子　  	まいご	1	名	迷路；走丢的孩子
1	呼び出しにん　 	よびだしにん	0	名	寻人者；被传唤者
1	対応　	たいおう	0	名、自サ	对应、相应、应付
1	担当　  	たんとう	0	名、他サ	担任、担当?
1	基本　  	きほん	0	名	基本
1	笑顔　	えがお	1	名	笑脸
1	仕方	しかた	0	名	做法；行为举止
1	立ち居　  	たちい	2	名	起居
1	振る舞い　  	ふるまい	0	名	举止、动作
1	気配り　  	きくばり	2	名、自サ	多方注意、照料
1	救急　  	きゅうきゅう	0	名	急救
1☆	至る　	いたる	2	自五	到、至
1	開幕　 	かいまく	0	名、自サ	开演、开幕、开场
1	本番　  	ほんばん	0	名	正式
1	自信　	じしん	0	名	自信
1	十人十色　  	じゅうにんといろ	1	名	十人十样、人各不同
1☆	マニュアル  	manual	0	名	手册、便览、指南
1	場所	ばしょ	0	名	场所
1☆	役割　	やくわり	0	名	作用；任务
1	臨機応変 	りんきおうへん	1	名、形动	随机应变
1☆	絶やす　 	たやす	2	他五	绝、尽
1	役　	やく  	2	名	工作、职务；角色
1☆	務める	つとめる	3	他一	担任
1☆	不機嫌 	ふきげん	2	形动	不高兴、不开心
1	にこっと 	にこっと	2	副、自サ	嫣然一笑
1	疲れきる　	つかれきる	4	自五	疲惫不堪
1☆	誓う　  	ちかう	2	他五	宣誓?
1	緊張感　  	きんちょうかん	4	名	紧张感
1	あっという間に	あっというまに	1,0	副	一瞬间
1	貴重 	きちょう	0	形动	宝贵的、贵重的
2	道具　  	どうぐ	3	名	道具、工具
2	電子メール　  	でんしmail	4	名	电子邮件
2	恋人　  	こいびと	0	名	恋人
2☆	ギフト  	gift	1	名	礼物、赠品
2	愛情　  	あいじょう	0	名	爱情
2☆	伝わる	つたわる	0	自五	传入；流传
2	他人　  	たにん	0	名	他人
2	専門用語　  	せんもんようご	5	名	专业用语
2☆	クリック	click	2	名、他サ	点击、单击
2☆	画面　  	がめん	1	名	画面
2	入力	にゅうりょく	0	名、他サ	输入
2	クラス会　  	classかい	3	名	班会
2	打ち合わせ　  	うちあわせ	0	名	商量、碰头
2	単なる　  	たんなる	1	连体	只是、仅仅是
2	感じる	かんじる	0	自他一	感到、觉得；感动
2	書き添える　 	かきそえる	4	他一	附带写上
2	友情　  	ゆうじょう	0	名	友情
2	深まる	ふかまる	3	自五	加深、变深
2☆	気兼ね	きがね	0	名、自サ	顾虑、在意
2	要る	いる	0	自五	需要
2☆	幹事　  	かんじ	1	名	干事
2	例年	れいねん	0	名	往年
2	案内状　  	あんないじょう	0	名	通知；邀请函
2	格式ばる　 	かくしきばる	5	自五	拘泥于形式
2	確か	たしか	1	形动、副	确实、可靠；确实是
2	毎回　	まいかい	0	名	每次
2☆	フオーム  	form	1	名	形式、样式；姿势
2☆	アドレス  	address	1	名	地址、住址
2	だだし  	だだし	1	接	但是、不过
2	件名　  	けんめい	0	名	文件名
2	大仕事　  	おおしごと	3	名	重要的工作、费事的工作
2	可能性　  	かのうせい	0	名	可能性
2☆	ソフト	soft	2	名、形动	软件；柔软
2	いたちごっこ  	いたちごっこ	4	名	捏手背游戏；拉锯战
2	済ませる　  	すませる	3	他一	做完、办完、处理完
2	書面　	しょめん	0	名	书面
2☆	自ら	みずから  	1	名、副	自己；亲自
2	科学者　  	かがくしゃ	2	名	科学家
2	卵　   	たまご	2	名	鸡蛋；…之星、未来的…
2☆	名乗る　	なのる	2	他五	自报姓名；自称
2	男性　	だんせい	0	名	男性
2	右隣　  	みぎどなり	3	名	右邻
2	女性　  	じょせい	0	名	女性
2	投げかける	なげかける	4	他一	质疑、提问
2	医科大学　  	いかだいがく	3	名	医科大学
2☆	教授　  	きょうじゅ	0	名	教授
2	考案	こうあん	0	名、他サ	设计、研究
2☆	大ブレーク　	だいbreak	4	名、自サ	大受欢迎
2	今や　	いまや	1	副	此刻
2	策　 	さく	1	名	策略、对策
2	中高年層　  	ちゅうこうねんそう	5	名	中老年层
2	絶大	ぜつだい	0	名、形动	极大的、巨大的
2☆	誇る	ほこる	2	他五	自豪、夸耀
2	表情　  	ひょうじょう	3	名	表情
2	退化	たいか	1	名、自サ	退化
2	危機感　  	ききかん	2	名	危机感
2	算盤  	そろばん	0	名	算盘
2☆	弾く　	はじく	2	他五	打；弹
2	簿記　  	ぼき	1	名	簿记
2	手仕事　  	てしごと	2	名	手工艺
2	統計表　  	とうけいひょう	0	名	统计表
2	事務　  	じむ	1	名	事物、业务
2	上　  	じょう	1	上	关于…、…上
2☆	暗算　  	あんざん	0	名、他サ	心算
2	暗記　  	あんき	0	名、他サ	背诵、记住
2	関する　  	かんする	3	自サ	关于、有关
2	能力　  	のうりょく	1	名	能力
2	無用の長物	むようのちょうぶつ	5	组	无用之物
2	その分　  	そのぶん	2	名	同样程度、同样的情况
2☆	怠慢 	たいまん	0	名、形动	怠慢、玩忽
2☆	頼る　  	たよる	2	自他五	依靠、借助
2	計算　	けいさん	0	名、他サ	计算
2	おぼつかない	おぼつかない	0	形	没有把握、靠不住
2	両隣　  	りょうどなり	3	名	两邻、左右邻
2	ぼやく	ぼやく	2	自五	嘟囔、发牢骚
2	飲み会　 	のみかい  	0	名	饮酒会
2	またもや	またもや	2	副	又
2	ついでに	ついでに	0	副	顺便、顺子
2	脳内　  	のうない	1	名	脑内
2☆	サイト  	site	1	名	网站；位置、站点
2	あたる	あたる	0	自五	命中、猜中
2☆	挑戦	ちょうせん	0	名、自サ	挑战
2	それだけ	それだけ	0	名，副	相应的、那么多
2☆	沸騰	ふっとう	0	名、自サ	沸腾
2	ついに	ついに	1	副	终于、最终
2	数日後　  	すうじつご	0	名	几天后
2☆	解明	かいめい	0	名、他サ	弄清、阐明
2	題する	だいする	3	自サ	命题、命名
2☆	ぺージ	page	0	名	页
2	映し出す	うつしだす	4	他五	映出、呈现出
2	ほぼ	ほぼ	1	副	大体、大数、大略
2	取り囲む	とりかこむ	0	他五	包围、环境
2	元来	がんらい	1	副	本来、原来
2	妙 	みょう	1	形动	奇妙、不可思议；奇特
2☆	納得	なっとく	0	名、他サ	领会、理解
2	新た	あらた	1	形动	新的；重新
2☆	開設	かいせつ	0	名、他サ	开设
2☆	チャレンジ	challange	3	名、自サ	挑战
2☆	驚かす　  	おどろかす	4	他五	使吃惊、惊动
2	埋め尽くす	うめつくす	4	他五	填满
2	ほんの  	ほんの  	0	连体	一点点、些许
2	費やす	ついやす	3	他五	话费、耗费；浪费
2	結局 	けっきょく	0	名、副	结果、结局
2	買い込む　  	かいこむ	3	他五	大量买入?
2☆	鞭打つ　	むちうつ	1	自他五	鞭打；鞭策む
2☆	寄り道	よりみち	0	名、自サ	绕道；顺路到
2☆	ブランド  	brand	0	名	商标、品牌
2	洋服	ようふく	0	名	西服
2☆	イヤリング  	earring	1	名	耳环
2	予測	よそく	0	名、他サ	预测
2	うそ	うそ	1	名	说谎、吹牛
2	叫ぶ	さけぶ	2	他五	大叫、呼喊
2	真剣　	しんけん	0	形动	认真地
3	通信　  	つうしん	0	名	通讯
3	回線  	かいせん	0	名	线路
3	通話　  	つうわ	0	名	通话
3	ウエブ  	web	1	名	互联网、网页
3	速度　	そくど	1	名	速度
3	アップ 	up	1	名、自他サ	提高、上涨
3	飛躍的	ひやくてき	0	形动	飞跃的
3	コール  	call	1	名	呼叫；打电话、电话传呼
3	メール 	mail	1	名	邮件
3	大容量	だいようりょう	1	名	大容量
3	画像　  	がぞう	0	名	肖像画、图像
3☆	挿入　	そうにゅう	0	名、他サ	插入
3	複数　  	ふくすう	3	名	复数
3☆	スライド  	slide	0	名	幻灯片；（经济）浮动
3	高音質　  	こうおんしつ	3	名	高音质
3	大迫力　	だいはくりょく	3	名	很能打动人心
3	ゲーム 	game	1	名	游戏
3☆	世代　  	せだい	1	名	一代
3	エキサイティング  	exciting	3	形动	激动人心的、使人兴奋的
3	国内	こくない	2	名	国内
3	多彩 	たさい	0	名、形动	色彩缤纷、丰富多彩
3☆	アレンジ  	arrange	2	名	排列、整理、分类
3	数秒	すうびょう	0	名	数秒
3☆	切り替える	きりかえる	4	他一	切换、转换、改换
3☆	メロデイー  	melody	1	名	旋律
3☆	添付	てんぷ	1	名、他サ	添上、附上
3	着うた　	ちゃくうた	0	名	手机歌曲、彩铃
3	フル	full	1	名、形动	最大限度；整个、全部
3☆	歌声	うたごえ	0	名	歌声
3	そのまま	そのまま	0	副、名	照原样、原封不动
3	着信	ちゃくしん	0	名、自サ	（通信、电信等）抵达
3	お馴染み　  	おなじみ	0	名	熟识（的人）、老相识
3	楽曲　  	がっきょく	0	名	乐曲
3	一曲　  	いっきょく	4	名	一曲
3	まるごと	まるごと	0	副	整个、完整
3☆	ダウンロード  	download	4	名	下载
3	直営	ちょくえい	0	名、他サ	直接经营
3	話題曲　  	わだいきょく	3	名	主题曲
3	満載	まんさい	0	名、他サ	满载
3☆	コミック  	comic	1	名	漫画；滑稽的、喜剧的
3☆	懐かしい	なつかしい	4	形	怀念的、思念的
3	名作　	めいさく	0	名	名作
3	気軽	きがる	0	形动	轻松的
3☆	アイドル  	idol	1	名	偶像
3	写真集　  	しゃしんしゅう	2	名	写真集
3☆	割込み　  	わりこみ	0	名	硬插进去
3	別	べつ	0	名、形动	另外、不同；特别
3	登録　 	とうろく	0	名、他サ	注册登记
3	ブロック  	block	2	名、他サ	块、地区、区域；阻挡
3	応答	おうとう	0	名、自サ	应答
3	屋内　  	おくない	2	名	房子内、屋内
3	届く	とどく	2	自五	送到、够得到
3	困難	こんなん	1	名、形动	困难
3	移動	いどう	0	名、自他サ	移动
3☆	途切れる	とぎれる	3	自一	终端、间断
3	留意	りゅうい	1	名、自サ	留意、注意
3	乗り物　  	のりもの	0	名	交通工具
3	デジタル  	digital	1	名	数字的
3	秘話性　   	ひわせい	0	名	私密性
3☆	盗聴	とうちょう	0	名、他サ	窃听、偷听
3	誤る	あやまる	3	自他五	错了、弄错；判断错误
3	情報	じょうほう	0	名	信息
3	消失	しょうしつ	0	名、自サ	消失
3	損害　  	そんがい	0	名	损害
3	最小限　  	さいしょうげん	3	名	最低限度、最小范围
3	アドレス帳　 	addressちょう  	0	名	地址簿
3	データ  	data	1	名	数据
3	長時間　  	ちょうじかん	3	名	长时间
3	高温　   	こうおん	0	名	高温
3	禁止	きんし	0	名、他サ	禁止
3	航空機　  	こうくうき	3	名	飞机
3	運航	うんこう	0	名、自サ	航行
3☆	支障　	ししょう	0	名	障碍
3	来たす	きたす	2	他五	带来、招致、造成
3	恐れ　  	おそれ	3	名	恐惧、害怕
3☆	極端	きょくたん	3	名、形动	极端的
3	低温　  	ていおん	0	名	低温低温
3	多湿 	たしつ	0	名、形动	潮湿、多湿
3	直射　	ちょくしゃ	0	名、自他サ	直射
3	日光　  	にっこう	1	名	阳光、日光
3	埃	ほこり	0	名	尘埃
3	落とす	おとす	2	他五	使落下、摔下；去掉
3	衝撃　  	しょうげき	0	名	冲击、冲撞；打击
3☆	与える	あたえる	0	他一	给予；使承受
3☆	手入れ	ていれ	3	名、他サ	休整、维修
3☆	乾く	かわく	2	自五	干燥
3☆	柔らかい	やわらかい	4	形	柔软的、柔和的
3	拭く	ふく	0	他五	擦
3☆	ベンジン　 	benzine	1	名	挥发油、轻质汽油
3	褪せる	あせる	2	自一	褪色
3	及び　  	および	0	接	和、及
3☆	湿気　	しっけ	0	名	湿气
3	濡らす	ぬらす	0	他五	淋湿
3	撮影	さつえい	0	名、他サ	摄影、照相
3	著作権　  	ちょさくけん	2	名	著作权
3☆	許諾	きょだく	0	名、他サ	许诺
3	得る	える	1	他一	得到、到手；获得
3	転送	てんそう	0	名、他サ	转送、转寄
3	肖像権　  	しょうぞうけん	3	名	肖像权
3☆	認める	みとめる	4	他一	承认、认可；认定、断定
3	人格権　  	じんかくけん	3	名	人权
3	経済的	けいざいてき	0	形动	经济上的
3☆	着目	ちゃくもく	0	名、自サ	着眼
3	財産権　	ざいさんけん	3	名	财产权
3	公開	こうかい	0	名、他サ	公开
3	違法　	いほう	0	名	违法
3	適切 	てきせつ	0	名、形动	妥当、恰当、适当、确切
4☆	フイルム  	film	1	名	胶卷
4	保存	ほぞん	0	名、他サ	保存
4	自宅　  	じたく	0	名	自己的住宅
4	記録　	きろく	0	名、他サ	记录
4☆	消去	しょうきょ	1	名、他サ	抹掉、涂掉、消去
4☆	街角　  	まちかど	0	名	街角、街头
4	見かける	みかける	0	他一	偶尔看到、发现
4	看板　  	かんばん	0	名	招牌；大招牌的人（物）
4☆	写す	うつす	2	他五	临摹；仿造
4	時刻表　  	じこくひょう	0	名	（铁路等的）时刻表
4	取り込む	とりこむ	0	他五	拿入、收进；侵吞；拉拢
4	鑑賞　  	かんしょう	0	名、他サ	鉴赏、欣赏
4	旅先	たびさき	0	名	旅游目的地
4	暑中見舞い　  	しょちゅうみまい	4	名	夏日问候信
4☆	個性　  	こせい	1	名	个性
4	この辺　  	このへん	0	名	这里；附近；这种程度
4	取り出す	とりだす	3	他五	拿出、取出、挑出、抽出
4☆	シャッタ  	shutter	1	名	快门
4☆	液晶　  	えきしょう	0	名	液晶
4	合わせ　  	あわせ	3	名	合在一起
4	倍率　  	ばいりつ	0	名	放大率、倍率
4☆	バッテリー	battery	0	名	电池
4☆	充電	じゅうでん	0	名、自他サ	充电
4	後部	こうぶ	1	名	后部
4	充電器	じゅうでんき	3	名	充电器
4☆	抜く	ぬく	0	他五	拔掉；除掉；省掉；超过
4☆	カバー  	cover	1	名	盖子、套子、罩子
4	別売り　  	べつうり	0	名	分开卖、另卖
4☆	影	かげ	1	名	影子
4	寄る　	よる	0	自五	偏；靠近；聚在一起；顺便到
4	削除　	さくじょ	1	名、他サ	删除、消除
4	機種　  	きしゅ	0	名	机型、机种
4	のりちゃん  	のりちゃん	1	专	（人名）小纪、小规、小典
4☆	前日　  	ぜんじつ	0	名	前天、前一天
4☆	台風　  	たいふう	3	名	台风
4	親戚　  	しんせき	0	名	亲戚
4	口々　  	くちぐち	2	名	每个人的嘴
4	飛び出す	とびだす	3	自五	跑出去；突然出现
4	着物姿　  	きものすがた	4	名	穿和服的样子
4	かんざし  	かんざし	0	名	簪子
4☆	床の間ま	とこのま	0	名	壁龛
4	向く	むく	0	他五	向、朝
4☆	後ろ姿　  	うしろすがた	4	名	背影
4☆	カメラマン  	cameraman	3	名	摄影师
4	静岡　  	しずおか	2	名	（地名）
4	冷やかす	ひやかす	3	他五	嘲笑、嘲弄
4	保証	ほしょう	0	名、他サ	担保、打包票
4	済み　  	ずみ	2	接尾	已经完了
4☆	婿　  	むこ	1	名	女婿、姑爷
4☆	汗　 	あせ	1	名	汗、汗水
4	次の日	つぎのひ	2	名	第二天
4	写真屋	しゃしんや	0	名	照相馆
4	慌てる	あわてる	0	自一	惊慌
4☆	大声	おおごえ	3	名	大声
4	どうした	どうした	1	连体	怎么
4	動かす	うごかす	3	他五	使…动起来、开动
4☆	空回り	からまわり	3	名、自サ	空转；空忙
4☆	お詫び	おわび	0	名、自サ	道歉、赔罪、请求原谅
4	ぼそぼそ	ぼそぼそ	1	副	叽叽咕咕地；干巴巴
4	がっかり	がっかり	3	副、自サ	失望
4	とうとう 	とうとう	1	副	终于
4	今のところ　  	いまのところ	0	名	目前、眼前；眼下
4☆	逃げ出す	にげだす	3	自五	逃掉、溜掉
5	デイズニーランド  	Disneyland	5	专	迪士尼乐园
5	動画　	どうが	0	名	动画
5	製作者　	せいさくしゃ	3	名	制作者
5	動物	どうぶつ	0	名	动物
5	擬人化	ぎじんか	0	名、他サ	拟人化
5	収める	おさめる	3	他一	取得
5	キャラクタ  	查让擦突然	2	名	卡通人物
5	丸い	まるい	0	形	圆的
5	耳	みみ	2	名	耳朵
5	円ら	つぶら	0	形动	园、溜圆
5☆	瞳	ひとみ	0	名	眼珠
5	しぐさ  	しぐさ  	1	名	动作、举止；做派、做功
5☆	出演	しゅつえん	0	名、自サ	出、表演
5	誇る	ほこる	2	他五	自豪、夸耀
5	短気 	たんき	1	名、形动	急性子
5	自己中心的 	じこちゅうしんてき	0	形动	自我中心的
5☆	負けず嫌い	まけずぎらい	4	名、形动	好强
5	あらゆる  	あらゆる	3	连体	所有的
5	1騒動　  	そうどう	1	名	动乱、闹事
5	引き起こす	ひきおこす	4	他五	引起
5☆	憎む	にくむ	2	他五	憎恨
5☆	性格　  	せいかく	0	名	性格
5☆	数多く	かずおおく	1+1	、副	为数众多
5☆	インフオメーション	information	4	名	情报、信息、数据；问讯处
5	見どころ　  	みどころ	0	名	值得一看的地方
5☆	スタッフ  	staff	2	名	职员、工作人员
5	パーク 	park	1	名	公园
5	入園	にゅうえん	0	名	入园
5☆	アドバイス  	advice	1	名、自サ	建议、忠告
5	ショー  	show	1	名	展览；表演
5☆	花火　  	はなび	1	名	焰火
5☆	パレード 	parade	2	名、自サ	游行队列表演；阅兵式
5	ミュージカル  	musical	1	名	音乐的；音乐剧
5	上演　  	じょうえん	0	名、他サ	上演
5	様々 	さまざま	2	名、形动	各种各样的
5	エンターテイメント  	entertainment	5	名	娱乐、余兴；演义
5	叶う　 	かなう	2	自五	实现
5☆	実施	じっし	0	名、他サ	实施
5☆	アトラクション  	attraction	3	名	吸引客人的节目
5	至るところ　	いたるところ	2	组	到处
5☆	笑顔　  	えがお	1	名	笑颜
5☆	握手	あくしゅ	1	名、自サ	握手
5	はぐれる	はぐれる	3	自一	失散、走失
5☆	落し物	おとしもの	0	名	遗失物
5	救護室　	きゅうごしつ	3	名	救护室
5	ペット	pet	1	名	宠物
5☆	配慮	はいりょ	1	名、他サ	心、照顾
5☆	細やか	こまやか	2	形动	细小的、具体的、周到的
5	思い出　  	おもいで	0	名	回忆
5	プラン  	plan	1	名	计划
5	別れる　 	わかれる	3	自一	分别、分开
5	くよくよ  	くよくよ	1	副、自サ	闷闷不乐、忧心忡忡
5	別々　  	べつべつ	0	名、形动	分别、各自
5	進路　  	しんろ	1	名	前进方向、发展方向
5☆	歩む　	あゆむ	2	自五	走
5	何時までも	いつまでも	1	副	永远
5	計画　	けいかく	0	名	计划
5	スタート  	start	2	名、自サ	开始；出发；启动
5	花壇　  	かだん	1	名	花坛
5	揃う  	そろう	2	自五	齐全；一致；备齐
5	スポット  	spot	2	名	点；场所、地点
5	おさえる 	おさえる	3	他一	抓住
5	ショット  	shot	1	名	拍照、拍摄；镜头
5	シンデレラ城　  	Cinderellaじょう	5	专	灰姑娘城
5	運良く	うんよく	1	副	运气、侥幸地
5	ばっちり	ばっちり	3	副	完美的、无可挑剔的
5	ボート  	boat	1	名	小船、小艇
5	巡る　 	めぐる	0	自五	巡游；循环；围绕
5	スキッパー  	skipper	2	专	斯克巴（小船船长）
5	ガイド	guide	1	名、他サ	指南；导游；方针
5	船長　	せんちょう	1	名	船长
5	密林　  	みつりん	0	名	密林
5☆	覆う	おおう	0	他五	蒙上、盖上；笼罩
5	冒険　	ぼうけん	0	名、自サ	冒险
5☆	スリル 	thrill	1	名	惊险
5	満点　  	まんてん	3	名	满分、完美无缺
5	ツアー  	tour	1	名	旅游团；周游
5	途中　  	とちゅう	0	名	途中
5	ジャンケン  	ジャンケン  	3	名	猜拳、划拳
5☆	加わる　  	くわわる	0	自五	加上；参加
5	アフリカ  	Africa	0	专	非洲
5	象　	ぞう	1	名	象
5	ツーショット  	two-shot	3	名	二人照
5	なりきり  	なりきり	0	名	完全进入角色
5	西部　	せいぶ	1	名	西部
5☆	開拓　  	かいたく	0	名、他サ	开垦、开荒；开拓；开辟
5	背景　	はいけい	0	名	背景
5☆	コスチューム 	costume	1	名	服装、装束；戏装、古装
5☆	カウボーイ	cowboy	3	名	牛仔
5	貴婦人　  	きふじん	2	名	贵妇人
5☆	衣装　  	いしょう	1	名	衣裳
5	変身	へんしん	0	名、自サ	改变形象、化装
5	大笑い	おおわらい	3	名、自サ	大笑
5	ポーズ  	pose	1	名	姿势
5	蒸気船　  	じょうきせん	0	名	汽船
5	アーク·トウエイン号　  	Mark·Twainごう	6	专	马克·土温号
5	クルージング  	cruising	2	名	用游艇航海
5	客船　	きゃくせん	0	名	客船
5	1デッキ  	deck	1	名	甲板
5	大自然　	だいしぜん	3	名	大自然
5☆	眺める	ながめる	3	他一	眺望、远眺
5	最上階　 	さいじょうかい	3	名	最上面一层
5	バック  	back	1	名	后面；背景
5	最高　	さいこう	0	名、形动	最高；最佳；最棒
6	教材　	きょうざい	0	名	教材
6	形態	けいたい	0	名	形态
6	従来　  	じゅうらい	1	名	以往、过去
6	実証　	じっしょう	0	名、他サ	实证、确证
6☆	練る	ねる	1	他五	仔细推敲
6☆	雑談	ざつだん	0	名、自サ	杂谈
6	及ぶ	およぶ	0	自五	波及；达到；扩大到…范围
6	鞄	かばん	0	名	包
6	金属製　	きんぞくせい	0	名	金属制
6☆	小振り　  	こぶり	0	名	小型；轻轻摇摆
6☆	平たい	ひらたい	0	形	平坦；浅显易懂
6	箱　	はこ	0	名	盒子
6	印刷	いんさつ	0	名、他サ	印刷
6	不満 	ふまん	0	名、形动	不满、不满足；不满意
6	比較	ひかく	0	名、他サ	比较
6	大山　  	おおやま	0	专	（姓氏）
6	伊藤　  	いとう	0	专	（姓氏）
6	めくる 	めくる	0	他五	翻；揭掉、揭开
6☆	コーパス  	corpus	1	名	语言资料、语料库
6☆	活用	かつよう	0	名、自他サ	活用
6	持ち運ぶ	もちはこぶ	0	他五	  搬运；挪动
6	登場　	とうじょう	0	名、自サ	出场
6	支援	しえん	0	名、他サ	支援
6☆	ツール  	tool	1	名	工具、手段
6☆	一躍　	いちやく	0	名、自サ	一跌、一举
6	ほら  	ほら	1	叹	（唤起对方注意）喂、瞧
6	これほど	これほど	0	名、副	这种程度
6	情報量　  	じょうほうりょう	5	名	信息量
6	効果　	こうか	1	名	效果
6	疑問　 	ぎもん	0	名	疑问
6☆	比べる	くらべる	0	他一	比较、相比
6	携帯性	けいたいせい	0	名	便携性
6	限界　  	げんかい	0	名	局限；界限、界线
6	一度に　	いちどに	3	副	同时、一下子
6	その上　  	そのうえ	0	接	加上、而且
6☆	コンテンツ	contents	1	名	内容
6☆	充実	じゅうじつ	0	名、自サ	充实
6☆	検索	けんさく	0	名、他サ	检索
6	機能　	きのう	1	名	技能
6	向上	こうじょう	0	名、自サ	提高
6	例文　 	れいぶん	0	名	例句
6	読み上げる　	よみあげる	4	他一	读完
6	付く　	つく	1	自五	上；带有
6☆	分厚い　	ぶあつい	0	形	厚厚的
6	活字	かつじ	0	名	铅字
6	ぎっしり	ぎっしり	3	副	挤满
6☆	詰まる	つまる	2	自五	堵塞、不通；塞满；变短
6	評価	ひょうか	1	名、他サ	评价；给予肯定
6	否定　	ひてい	0	名、他サ	否定
6	教員　  	きょういん	0	名	教员
6	本来　 	ほんらい	1	副	本来、原来；按理说
6	大いに	おおいに	1	副	大大地、非常的
6☆	長所　	ちょうしょ	1	名	长处
6	我々　  	われわれ	0	代	我们
6	知識欲　  	ちしきよく	3	名	求知欲
6	満たす	みたす	2	他五	满足
6	説　  	せつ	1	名	意见、主张；学说、论点
6	いかにも	いかにも	2	副	的的确确
6☆	説得力	せっとくりょく	4	名	说服力
6	消極的	しょうきょくてき	0	形动	消极的
6☆	味わう	あじわう	3	他五	品尝；欣赏；感受
6	吸収　	きゅうしゅう	0	名、他サ	吸取
6	おのずと	おのずと	0,4	副	自然而然地
6	有益	ゆうえき	0	形动	有益
6	高める	たかめる	3	他一	提高
6	経験　	けいけん	0	名、他サ	经验
6	常識　	じょうしき	0	名	常识
6	問題集　  	もんだいしゅう	3	名	习题集
6	穴埋め　  	あなうめ	0	名	填空
6☆	上下	じょうげ	1	名	上下
6	繋ぎ　 	つなぎ	0	名	连接
6☆	パズル 	puzzle	1	名	填字游戏
6☆	要素　  	ようそ	1	名	要素
6☆	含む　	ふくむ	2	他五	含、含有
6☆	先頭　	せんとう	0	名	先头
6	たどり着く　 	たどりつく	4	自五	好容易走到
6	対処　  	たいしょ	1	名，自サ	应付、对待
6	足りる	たりる	0	自一	够、足
6	漢和　  	かんわ	0	名	汉和
6	必要　	ひつよう	0	名、形动	必要
6☆	活かす	いかす	2	他五	搞活、发挥特点
7	謎謎　  	なぞなぞ	0	名	谜语、猜谜游戏
7	時分　  	じぶん	1	名	时刻、时候、时机
7☆	謎　  	なぞ	0	名	谜语
7	教壇　	きょうだん	0	名	讲坛、讲台
7☆	生徒　  	せいと	1	名	（中小学）学生
7☆	審判	しんぽん	0	名、他サ	裁判、审判
7	競争	きょうそう	0	名、他サ	比赛、竞争
7	難問　  	なんもん	1	名	难题
7	そうそう 	そうそう	0	副	（下接否定）老是那样
7	かち合う	かちあう	0	自五	相撞、碰在一起
7☆	柴　  	しば	0	名	柴
7	点　 	てん  	0	名	分数、点；标点
7☆	糸　	いと	1	名	线、弦
7☆	紫　	むらさき	2	名	紫色
7	素朴	そぼく	0	形动	朴素、简单
7	少女	しょうじょ	1	名	少女
7☆	下火　  	したび	0	名	或是减弱、衰退
7☆	クイズ  	quiz	1	名	智力竞赛、猜谜
7	空白	くうはく	0	名、形动	空白
7	一種　	いっしゅ	1	名	一种
7☆	解く	とく	1	他五	揭开、拆开
7	概ね	おおむね	0	副	大概、大致
7	真面 	まとも	0	形动	正经、认真；正面
7	巫山戯る	ふざける	3	自一	开玩笑、作弄人
7	頓智　  	とんち	0	名	机智、机敏
7	俊子（敏子）  	とし子　としこ	1	专	（人名）
7	広　  	ひろし	1	专	（人名）
7	鳥　  	とり	0	名	鸟；鸡
7☆	鳥小屋　  	とりごや	0	名	鸡窝、鸡舍
7	春夫/治夫/晴夫　	はるお	0	专	（人名）
7☆	鶏　  	にわとり	0	名	鸡
7	生む	うむ	0	他五	生、产生
7	雛　  	ひよこ	0	名	幼鸟；小毛孩子、幼鸡
7	薇　  	ぜんまい	0	名	（植物）紫萁
7	発条　  	ぜんまい	0	名	发条、弹簧
7☆	鏡　  	かがみ	3	名	镜子
7	警察	けいさつ	0	名	警察
7	鷺  	サギ	 0	名	鹭
7☆	詐欺　  	さぎ	1	名	欺诈
7☆	フルーツ  	fruit	2	名	水果
7☆	肩車　  	かたぐるま	3	名	骑在脖子上
7☆	破る	やぶる	2	他五	弄破；损坏；违背
7	王様　  	おうさま	0	名	国王
7	一頭　	いっとう	1	名	一头
7	地方　  	ちほう	2	名	地方、地区
7	役人　  	やくにん	0	名	官吏、公务员
7	目方　  	めかた	0	名	重要
7	早速　 	さっそく	0	副	立刻、马上、赶紧
7	秤　 	はかり	3	名	坪、天枰
7☆	申し出る　	もうしでる	4	他一	提出；申请
7	掲示	けいじ	0	告示、布告	名、他サ
7	度度　	たびたび	0	副	屡次、再三
7☆	催促	さいそく	1	名、他サ	催、催促
7	岸　 	きし	2	名	岸边
7☆	沈む　 	しずむ	0	自五	落、沉；消沉、郁闷
7	見物人　  	げんぶつにん	0	名	浏览者、观客
7	じっと  	じっと	0	副、自サ	一动不动
7	外側　  	そとがわ	0	名	外侧、外面、外边
7	降ろす·下ろす　	おろす	2	他五	把…卸下来
7	石　  	いし	2	名	石子、石头
7☆	積む	つむ	0	他五	堆积；装载；积累
7	合計　  	ごうけい	0	名、他サ	合计、总计
8	要点　  	ようてん	3	名	要点、要领
8	順序　  	じゅんじょ	1	名	次序、过程
8	まとめる  	まとめる	0	他一	汇总
8☆	事柄　  	ことがら	0	名	事情、事态
8☆	結ぶ	むすぶ	0	他五	系、结
8☆	強める　  	つよめる	3	他一	加强、增强
8	聞き落す	ききおとす	4	他五	听漏、忘问
8	応じる 	おうじる	0	自一	回答；满足；接受
8☆	役立つ	やくだつ	3	自五	有用、起作用
8	ひろ子　	ひろこ	1	专	（人名）
8	ほう  	ほう	1	叹	（吃惊或感叹时发的声音）荷
8	どきどき?	どきどき	1	副、自サ	（心）扑通扑通地跳
8	平気	へいき	0	名、形动	不在乎
8	纏まる　	まとまる	0	自五	概括起来；凑齐
8	成長　  	せいちょう	0	名、自サ	成长、成熟；发展
8	観察　  	かんさつ	0	名、他サ	观察、仔细察看
8☆	心細い　	こころぼそい	5	形	心中没底；孤独
8	形式　  	けいしき	0	名	形式
8☆	スケッチ 	sketch	2	名、他サ	记录；写生、素描
8	表　  	ひょう	0	名	表、表格
8☆	グラフ  	graph	1	名	图表
8	それ、それ  	それ、それ  	0	代	就是它、就是它
8	細い　  	ほそい	2	形	细细的
8	棒　  	ぼう	0	名	棒、棍棒
8☆	指す	さす	1	他五	指；下（将棋）
8☆	取越苦労　	とりこしぐろう	5	名、自サ	自寻苦恼
8	恥ずかしい　	はずかしい	4	形	害羞、惭愧
8	そのうちに  	そのうちに	0	副	过一会儿、不久
8	思い切って	おもいきって	2	副	大胆地、断然地
8☆	成り立つ	なりたつ	0	自五	谈妥；成立；形成
8	大昔　  	おおむかし	3	名	太古、上古、远古
8☆	取り替える	とりかえる	0	他一	更换、交换
8☆	手軽　	てがる	0	形容	渐变；轻易；简单
8	然して　  	そうして	4	接	而、又；然后
8☆	貝殻	かいがら	0	名	贝壳
8	貴重品　	きちょうひん	0	名	贵重品
8	貨　  	か	1	名	钱；物品
8	貴　  	き	1	名	珍贵、宝贵
8	財　  	ざい	1	名	财富、财产
8☆	稲　	いね	1	名	稻
8	武士	ぶし	1	名	武士
8☆	名残　  	なごり	1	名	遗迹、余韵；依恋
8	価値　 	かち	1	名	价值
8☆	壊れる　	こわれる	3	自一	坏了、碎了
8☆	分量　 	ぶんりょう	3	名	分量、数量
8	分ける　  	わける	2	他一	分、分开；分类；分配
8	凡そ　  	およそ	0	副	大约；完全；分类；分配
8☆	元明天皇　  	げんめいてんのう	3	专	日本元明天皇（661-772）
8	銀	ぎん	1	名	银
8	銅　	どう	1	名	铜
8	銀貨　  	ぎんか	1	名	银币
8	銅貨	どうか	1	名	铜币
8	金貨　  	きんか	1	名	金币
8☆	預金	よきん	0	名	存款
8☆	小切手　  	こぎって	2	名	支票
8☆	手元　  	てもと	3	名	身边、手头
8	経済学	けいざいがく	3	名	经济学
8	学問　  	がくもん	2	名	学问、学识；学业
9	参加者　  	さんかしゃ	0	名	参加者
9☆	議題	ぎだい	0	名	议题
9	事前　  	じぜん	0	名	事前
9	予告	よこく	0	名、他サ	预告
9	巡らす	めぐらす	0	他五	围绕；运筹
9	意見	いけん	3	名、他サ	意见；规劝
9	係り　  	かかり	1	名	担任着
9	議長　  	ぎちょう	1	名	议长、主席
9	発言	はつげん	0	名、自サ	发言
9	公平	こうへい	0	名、形动	公平
9	判断	はんだん	1	名、他サ	判断、推测
9	議事  	ぎじ	1	名	议事、审议
9	建設的	けんせつてき	0	形动	建设性的
9☆	差し控える	さしひかえる	5	子他一	待命；节制
9	自由	じゆう	2	名、形动	自由
9	受け止める	うけとめる	0	他一	接住；理解
9☆	意図　	いと	1	名、他サ	意图、打算
9	明らか　	あきらか	2	形动	明显、清楚
9	持ち方　  	もちかた	0	名	做法；拿法
9	委員	いいん	1	名	委员
9	谷川　  	たにがわ	0	专	（姓氏）
9☆	立ち消え	たちぎえ	0	名、自サ	中断；中途熄灭
9	上級　	じょうきゅう	0	名	上一级
9	粗筋　 	あらすじ	0	名	梗概、概略
9	大田　  	おおた	0	专	（姓氏）
9	増やす	ふやす	2	他五	增加
9	野村　  	のむら	0	专	（姓氏）
9	高木　  	たかぎ	0	专	（姓氏）
9	北川　	きたかわ	0	专	（姓氏）
9☆	平均　 	へいきん	0	名、他サ	平均、平衡
9	その都度	そのつど	3	组	每回、每次
9	次回　  	じかい	1	名	下次
9☆	励み　  	はげみ	3	名	鼓励、激励
9☆	養う	やしなう	0	他五	培养；扶养
9	定期的　	ていきてき	0	形动	定期的
9	石原　  	いしはら	0	专	（姓氏）
9	案　  	あん	1	名	计划、草案
9	たっぷり 	たっぷり	3	副	充分、足够
9☆	紙芝居　  	かみしばい	3	名	（拉）洋片、连环画剧
9☆	試み　  	こころみ	4	名	尝试、实验
9☆	展示　	てんじ	0	名、他サ	展示、陈列
9☆	祭典　  	さいてん	0	名	盛典、祭礼
9	有難い　	ありがたい	4	形	难得；值得庆幸
9☆	間近い	まぢかい	3	形	临近；挨近
9	帰り道	かえりみち	3	名	归途
9☆	偶然	ぐうぜん	0	副	偶尔、偶然
9	相変わらず　  	あいかわらず	0	副	照旧、仍旧
9	再会	さいかい	0	名、自サ	再见、重逢
9	親しげ	したしげ	3	形动	亲密地
9	噂話　   	うわさばなし	4	名	言、闲话
9☆	積もる	つもる	0	自他五	累积；估算
9☆	尽きる　 	つきる	2	自一	尽、完、到头
9☆	世話役　  	せわやく	0	名	筹办者、发起人
9☆	暗い	くらい	0	形	暗；黑暗；阴沉
9☆	心当たり　 	こころあたり	4	名	线索、想像得到
9	会場　	かいじょう	0	名	会场
9	交渉	こうしょう	0	名、自サ	交涉、谈判
9	招待状　	しょうたいじょう	0	名	请帖
9	試験期　  	しけんき	2	名	考试期
9	存じる　	ぞんじる	3	自一	「思う」等的谦让语
9	思い出話　  	おもいでばなし	5	名	叙旧、谈往事
9☆	昨年	さくねん	0	名	去年
9☆	末　  	すえ	0	名	末了、末端
9	来る　  	きたる	2	连体	下次的
9	田村屋　 	たむらや	0	专	（店名）
9	一同　  	いちどう	2,3	同	大家、全体
9	大田新作	おおたしんさく  	0	专	（人名）
10	イソップ  	Aesop	2	专	伊索
10	狐　  	きつね	0	名	狐狸
10☆	井戸　  	いど	1	名	井
10	落ちる	おちる	2	自一	掉下来、坠落
10	どうしても  	どうしても	1	副	（下接否定）怎么也
10	渇く　	かわく	2	自五	渴、干渴
10	山羊·野羊　 	やぎ	1	名	山羊
10	見つける	みつける	0	他一	找到、发现
10☆	降りる　	おりる	2	自一	下来
10	収まる·納まる	おさまる  	3	自五	平息、解决
10	思い付く　 	おもいつく	4	他五	（忽然）想出、想起
10	前足　  	まえあし	1	名	前肢、前足
10	突っ張る　	つっぱる	3	他五	顶住、支撑
10☆	角　  	つの	2	名	角、犄角
10	やる  	やる	0	他五	放在（某处）
10☆	背中　   	せなか	0	名	背、脊背
10	引き上げる	ひきあげる	4	他一	曳起、拉上来
10	飛び上がる	とびあがる	4	自五	飞起、跳起
10☆	踏み台　  	ふみだい	0	名	脚搭子；垫脚石
10☆	文句　  	もんく	1	名	不满、牢骚
10	ふり返る　	ふりかえる	4	自五	回过头去
10	知恵　  	ちえ	2	名	智慧、脑筋
10	大谷　  	おおたに	0	专	（姓氏）
10	山田　  	やまだ	0	专	（姓氏）
10☆	我慢　 	がまん	1	名、他サ	忍耐、克制
10	木村	きむら	0	专	（姓氏）
10	台　	だい	1	名	台、座儿
10	西山　  	にしやま	0	专	（姓氏）
10☆	性質　  	せいしつ	0	名	性情、脾气；性质
10☆	浅い	あさい	0	形	浅的、淡的；浅薄的
10	素直　	すなお	1	形动	淳朴的、天真的
10	信じる	しんじる	3	他一	相信、深信、信赖
10	長島　  	ながしま	0	专	（姓氏）
10	大嫌い　	だいきらい  	1	形动	极不喜欢、非常讨厌
10	狡い　	ずるい	2	形	狡猾、奸诈
10	浦島太郎　	うらしまたろう	5	专	（人名）
10☆	浜辺　  	はまべ	3	名	海边
10☆	騒ぐ　	さわぐ	2	自五	吵闹、喧哗
10	亀　  	かめ	1	名	龟
10	掴まえる	つかまえる	0	他一	楸住、抓住、捉拿
10☆	転がす	ころがす	0	他五	搬倒；使滚动
10	叩く	たたく	2	他五	敲、打、拍
10	可哀相	かわいそう	4	形动	可怜的
10	買い取る	かいとる	3	他五	买下来
10	撫でる	なでる	2	他一	抚摸
10	放す	はなす	2	他五	放开、放掉
10	釣　  	つり	0	名	钓鱼
10	ぴょこんと	ぴょこんと	2	副	轻轻地点了下头
10	お辞儀　	おじぎ	0	名、自サ	行礼
10	3竜宮　  	りゅうぐう	3	专	龙宫
10	鯛　	たい	1	名	加级鱼
10	平目　  	ひらめ	0	名	比目鱼
10☆	御殿　  	ごてん	1	名	宫殿、公馆
10☆	通す	とおす	1	他五	通过、领入、穿过
10	玉　	ぎょく	0	名	玉
10	貝　	かい	1	名	贝、贝壳
10☆	飾る	かざる	0	他五	装饰
10☆	眩しい	まぶしい	3	形	晃眼、耀眼
10☆	乙姫　  	おとひめ	2	名	龙宫仙女
10	暇　  	いとま	3	名	告辞；闲暇
10	頻りに　	しきりに	0	副	频频、不断
10☆	抱える	かかえる	0	他一	抱、夹
10	村	むら	2	名	村庄
10☆	煙　  	けむり	0	名	烟
10☆	立ち昇る　	たちのぼる	0	自五	升起
10	まっ白	まっしろ	3	形动	雪白
11☆	コピー  	copy	1	名、他サ	拷贝、复制
11☆	出回る	でまわる	0	自五	上市
11	材料　	ざいりょう	3	名	材料
11☆	上等 	じょうとう	0	名、形动	上等、高级
11	高度　 	こうど	1	名、形动	级、高度
11	加工　  	かこう	0	名、他サ	加工
11☆	香り　  	かおり	0	名	香味、香气
11	歯ざわり　  	はざわり	2	名	牙齿嚼食物时的感觉
11	そっくり	そっくり	3	副、形动	一模一样
11	食品添加物　  	しょくひんてんかぶつ	7	名	（为装饰或防腐）食品添加剂
11☆	大量	たいりょう	0	名、形动	大量、大批
11	合成	ごうせい	0	名、他サ	合成
11	保存料　	ほぞんりょう	2	名	储存剂
11☆	給食	きゅうしょく	0	名、自サ	提供伙食
11	外食　	がいしょく	0	名、自サ	在外吃饭
11☆	骨　  	ほね	2	名	骨头
11☆	偽物　  	にせもの	0	名	冒牌货
11	苦しめる	くるしめる	4	他一	使…痛苦、折磨
11	奢り　  	おごり	0	名	请客、做东
11☆	流行　  	はやり	3	名	流行
11☆	素人　 	しろうと	1	名	外行、业余爱好者
11☆	フライ  	fry	0	名	油炸食品
11	大好物　  	だいこうぶつ	3	名	最喜欢的东西
11☆	ステーキ 	steak	2	名	牛排、烤肉
11	黙黙と　	もくもくと	0	副	不声不响、默默
11☆	長男　  	ちょうなん	1	名	长子
11	孝·隆	たかし	1	专	（人名）
11	突然	とつぜん	0	副	突然
11☆	フォーク 	fork	1	名	叉子
11☆	聞き返す	ききかえす	3	他问	反问
11	一切れ　  	ひときれ	2	名	一块、一片、一点
11	だって  	だって	1	接	（用于辩解）可是、但是
11☆	チューブ 	tube	1	名	管、筒
11	入り　  	いり	0	名	装、加入、掺有
11☆	錠剤	じょうざい	0	名	药片
11☆	粒　  	つぶ	1	名	粒、丸
11☆	注射	ちゅうしゃ	0	名、他サ	注射
11☆	頷く　	うなずく	3	自五	首肯、点头
11☆	改めて	あらためて	3	副	重新
11☆	噛む　	かむ	1	他五	咬、嚼
11☆	屁理屈　  	へりくつ	2	名	歪理、诡辩
11	SST  	SST	3	专	（缩写）超音速运输机
11	じゃんじゃん	じゃんじゃん	1	副	不停地、一个劲地；（钟等）铛铛（响）
11☆	歩道　  	ほどう	0	名	人行道
11	実用化　	じつようか	0	名、他サ	实用化
11	かっこいい  	かっこいい	4	形	真棒、真帅
11	真面目くさる	まじめくさる	5	自五	道貌岸然、一本正经
11	もっとも	もっとも	1,3	形动	理所当然的
11	少年　 	しょうねん	0	名	少年
11	大問題	だいもんだい	3	名	大问题
12	現金	げんきん	3	名	现今
12☆	払う	はらう	2	他五	支付；赶走
12	挿し込む	さしこむ	0	他五	插入、扎入
12	身分証明書　  	みぶんしょうめいしょ	8	名	身份证
12☆	兼ねる　	かねる	2	他一	兼、兼任
12	額	がく	0	名	数量、金额
12	実に　  	じつに	2	副	的确、确实
12	泥棒  	どろぼう	0	名	小偷、贼
12	札	さつ	0	名	纸币、钞票
12☆	無駄遣い	むだづかい	3	名、他サ	浪费、乱花钱
12☆	投書　	とうしょ	0	名、自サ	投稿、投诉
12	目の前　  	めのまえ	3	名	眼前、迫在眼前
12☆	貨幣　  	かへい	1	名	货币
12☆	実感	じっかん	0	名、他サ	真实感
12☆	節約	せつやく	0	名、他サ	节约、节省
12☆	気楽	きらく	0	形动	舒适、轻松
12	理性	りせい	0	名	理性
12☆	行動	こうどう	0	名、自サ	行为、行动
12	知人　  	ちじん	0	名	友人、熟人
12	意志	いし	1	名	意志
12	玉　  	だま	2	接尾	（圆形）硬币
12	夫婦　 	ふうふ	1	名	夫妇
12	消費税	しょうひぜい	3	名	消费税
12	面倒　 	めんどう	3	名、形动	麻烦，棘手
12☆	偉い	えらい	2	形	伟大、了不起
12☆	給与	きゅうよ	1	名、他サ	薪金；支给的金钱或物品
12☆	口座　  	こうざ	0	名	（银行）户头
12	丸井　  	まるい	0	名	（店名）
12	使い過ぎ　  	つかいすぎ	0	名	用过量、用过头
12☆	特典　	とくてん	0	名	优惠
12	会員誌　  	かいいんし	3	名	会员杂志
12	裏　  	うら	2	名	背面、后面
12	飲食	いんしょく	0	名	饮食
12	乃至　  	ないし	1	接	由…到…；或者
12☆	割引く	わりびく	3	他五	减价、打折扣
12	会費　 	かいひ	0	名	会费
12☆	勘違い	かんちがい	3	名、自サ	判断错误；误会
12	どうか	どうか	1	副	请；总算；不正常
12☆	勇気	ゆうき	1	名	勇气
12☆	仕掛人　	しかけにん	0	名	策划人
12	飲食店	いんしょくてん	4	名	饮食店
12☆	レジャー  	leisure	1	名	闲暇；空闲时间的娱乐
12	加盟店　  	かめいてん	0	名	加盟店
12	加盟料　  	かめいりょう	2	名	加盟费
12☆	ステッカー  	sticker 	2	名	（背面涂胶的）张贴物
12☆	優待	ゆうたい	0	名、他サ	优待
12	経費　  	けいひ	1	名	经费
12	他社　  	たしゃ	1	名	其他公司（报社、神社）
12	PR効果　	ピーアルこうか	5	名	宣传效果
12	得　  	とく	0	名	有利、合算
12	店側　  	みせがわ	0	名	店方
12	手数料	てすうりょう	2	名	手续费
12☆	限度	げんど	1	名	限度
13	地球　  	ちきゅう	0	名	地球
13	半日　  	はんにち	4	名	半天
13	感じ　 	かんじ	0	名	感觉
13	距離　  	きょり	1	名	距离
13	新幹線　  	しんかんせん	3	名	新干线、高速列车
13	沿線　	えんせん	0	名	沿线
13	次第に	しだいに	0	副	逐渐地、慢慢地
13	目的地　  	もくてきち	4	名	目的地
13☆	近づく	ちかづく	3	自五	靠近；接近；临近
13☆	興奮	こうふん	0	名、自サ	兴奋
13	高速化　  	こうそくか	0	名	高速化
13☆	火加減　  	ひかげん	2	名	火候
13☆	煮込む	にこむ	2	他五	炖；煮透
13	電子レンジ　  	でんしrange	4	名	微波炉
13	数分　  	すうふん	0	名	几分钟
13☆	味見　  	あじみ	0	名	尝尝味道
13☆	台所　 	だいどころ	0	名	厨房
13☆	流れる	ながれる	3	自一	流
13	匂い　  	におい	2	名	气味儿、香气
13☆	追求	ついきゅう	0	名、自サ	追求
13	振り込み　	ふりこみ	3	名	存入
13☆	普及	ふきゅう	0	名、自サ	普及
13	月給日　  	げっきゅうび	3	名	发薪水日
13	月給袋　	げっきゅうぶくろ	5	名	工资袋
13	ボーナス  	bonus	1	名	奖金
13☆	厚い	あつい	0	形	厚、优厚；深厚
13☆	封筒　	ふうとう	0	名	信封
13	当然 	とうぜん	0	形动、副	当然、理应如此
13☆	失う	うしなう	0	他五	丢失、丧失
13	竹井　  	たけい	0	专	（姓氏）
13	乗り継ぎ　 	のりつぎ	0	名	换成（其他交通工具）
13	やっと  	やっと	0,3	副	好容易；终于；勉强
13	なんだか	なんだか	1	副	总觉得、总有点
13	窓際	まどぎわ	0	名	窗边
13☆	雲　  	くも	1	名	云、云彩
13	贅沢　 	ぜいたく	4	名、形动	奢侈、奢望
13	どうのこうの	どうのこうの	1+1	副	说这样讲那、说长道短
13	感激	かんげき	0	名、自サ	感激、感动
13☆	初月給　  	はつげっきゅう	3	名	第一次工资
13☆	神棚　  	かみだな	0	名	神龛
13	供える	そなえる	3	他一	供、献
13	勤·勉	つとむ	0	专	（人名）
13	結晶	けっしょう	0	名、自サ	结晶、结果
13☆	涙　	なみだ  	1	名	眼泪
13	明細書　 	めいさいしょ	0	名	明细单
13	道理で	どうりで	1	副	怪不得
13	涌く☆　	わく	2	自五	涌现、涌出
13	数える　	かぞえる	3	他一	数；例举
13	立体　 	りったい	0	名	立体
13	靖　  	やすし	1	专	（人名）
13	哲夫　  	てつお	0	专	（人名）
13	ちらりと	ちらりと	2	副	一晃、一闪、略微
13	ひそひそ 	ひそひそ	1	副	偷偷、悄悄
13☆	許す	ゆるす	2	他五	允许
13	にっこり	にっこり	3	副、自サ	嫣然一笑
13	着　  	ちゃく	1	名	到达、抵达
13☆	振る	ふる	0	他五	挥、摇
13	スイッチ  	switch	2	名	电门、开关
13	便　  	びん	1	接	班机、班轮、班车
13☆	運賃　  	うんちん	1	名	运费
13	それが  	それが	0	接	可是
13	交通機関　 	こうつうきかん	6	名	交通工具
13	何も	なにも	1	副	不必…、什么也不…
14	インスタント 	instant	4	名	速成
14☆	爆発的　	ばくはつてき	0	形动	急剧的、惊人的
14	製品　 	せいひん	0	名	产品
14☆	小麦粉　  	こむぎこ	0	名	面粉
14	ヒット  	hit	1	名、他サ	大受欢迎、畅销?
14	予想　	よそう	0	名、他サ	预料、预想
14	要因　  	よういん	0	名	主要因素
14	第一次　 	だいいちじ	1	名	第一次
14	愛用　	あいよう	0	名、他サ	喜欢用
14	影響力　  	えいきょうりょく	3	名	影响力
14☆	コムーシャル  	commercial	2	名	盈利的、商业的；商业广告
14	民間　  	みんかん	0	名	民间
14	秒	びょう	1	名	秒
14	購買欲　  	こうばいよく	3	名	购买欲
14	そそる 	そそる	0	他五	勾起（某种感情、欲望等）
14	挙って	こぞって	2	副	全部、全都
14	年間　  	ねんかん	0	名	一年、全年
14	蕎麦　	そば	1	名	荞麦面条
14	松下　  	まつした	2	专	（姓氏）
14	進出　  	しんしゅつ	0	名、自サ	打入、挤进
14☆	伴う　	ともなう	3	自他五	随着；随同
14	即席めん　  	そくせきめん	5	名	方便面
14☆	レトルト  	retort	2	名	半成品
14	飽きる·厭きる　  	あきる	2	自一	满足、腻烦
14	栄養　  	えいよう	0	名	营养
14☆	片寄る	かたよる	3	自五	偏颇；偏袒
14	両親　  	りょうしん	1	名	双亲、父母
14	共働き　  	ともばたらき	3	自五	双职工
14☆	出前　  	でまえ	0	名	送外卖
14	お湯　  	おゆ	0	名	开水、热水；洗澡水
14☆	防腐剤　  	ぼうふざい	3	名	防腐剂
14	調理　 	ちょうり	1	名、他サ	烹调、做菜
14	手作り　  	てづくり	2	名	亲手做、手制
14☆	ライフスタイル  	lifestyle	5	名	生活方式
14	間食　  	かんしょく	0	名	吃点心、吃零食；零食
14☆	夜食　  	やしょく	0	名	夜宵
14	脂肪　  	しぼう	0	名	脂肪
14	糖分　  	とうぶん	1	名	糖分
14	肥満　  	ひまん	0	名、自サ	肥胖
14	忠告　  	ちゅうこく	0	名、自サ	忠告、劝告
14	宅配　  	たくはい	0	名	送货上门
14	需要　  	じゅよう	0	名	需要
14	一般　  	いっぱん	0	名	一般、普通
14	一人暮らし　  	ひとりぐらし	4	名	一个人生活
14	反映　	はんえい	0	名自サ	反映
14	高級　	こうきゅう	0	名、形动	高级
14	折り詰め　  	おりづめ	0	名	菜肴装在木盒里
14☆	ダイエット  	diet	1	名	节食减肥
14	用　  	よう	1	接尾	…用
14☆	扱う　	あつかう	0	他五	处理
14	売れ行き　	うれゆき	0	名	商品销路
14☆	老舗　	しにせ	0	名	老店
14☆	キッチン	kitchen	1	名	厨房
14	本社	ほんしゃ	1	名	总公司
14	神田　  	かんだ	0	名	（地名）
14	昭和　  	しょうわ	0	专	日本昭和年代（1926-1989）
14☆	惣菜　  	そうざい	0,3	名	家常菜、副食
14☆	オードブル  	hors-d’euvre	1	名	开胃菜、前菜
14	合理化　  	ごうりか	0	名、他サ	合理化
14	忽ち　	たちまち	0	副	转眼间、不打功夫；突然
14	都内　 	とない	1	名	东京都内
14	店舗　  	てんぽ	1	名	店铺
14	あたり  	あたり	0	名	平均、每…
14	ハンバーグ 	hamburg	3	名	（「ハンバーグステーキ」的略称）汉堡牛排
14	デリバリー  	delivery	3	名	投递、送货上门
14	銘打つ	めいうつ	1	自五	打…旗号、以…为名
14	柿右衛門 	かきえもん  	3	名	（日本有名的陶瓷起世家）
14	食卓　	しょくたく  	0	名	餐桌
14	本膳　  	ほんぜん	1	名	日本料理的主菜
14	特選　  	とくせん	0	名	特选
14	洋食　  	ようしょく	0	名	西餐
14	特定　  	とくてい	0	名、他サ	特定、特别指定
14	農家　  	のうか	1	名	农家
14	専属　 	せんぞく	0	名、自サ	专属
14☆	仕入れる　	しいれる	3	他一	采购、进货；弄到手
14☆	徹底	てってい	0	名、自サ	彻底、遍及
14	およそ  	およそ	0	副	（下届否定）根本，完全
14☆	叩き　  	たたき	3	名	敲、打；用刀拍松
14	鰻　  	うなぎ	0	名	鳗鱼
14☆	蒲焼　  	かばやき	3,,0	名	烤鱼串
14☆	松茸　 	まつたけ	0	名	松茸、松口蘑
14☆	デラックス　	deluxe	3	形动	高级、豪华、奢侈
14	重役　  	じゅうやく	0	名	担任要职的人；懂事
14	ランチ  	lunch	1	名	午餐
14	商戦　  	しょうせん	0	名	商战、商业竞争
14☆	食い込む　 	くいこむ	3	自五	深深进入、陷入、侵入
14	カレー	curry	0	名	咖喱饭
14	得意先　	とくいさき	0	名	主顾、交易对象
14	大使館　	たいしかん	3	名	大使馆
14☆	離れる	はなれる	3	自一	离开、脱离
14	届ける　  	とどける	3	他一	递送、提交、呈报
14	おかず  	おかず	0	名	菜、小菜
14	目黒　  	めぐろ	1	专	（地名）
14	糖尿病　 	とうにょうびょう	0	名	糖尿病
14	患者　  	かんじゃ	0	名	患者、病人
14	厳密	げんみつ	0	形动	严密、周密
14☆	カロリー  	calorie	1	名	卡路里
14	栄養士	えいようし	3	名	营养师
14☆	献立　  	こんだて	0	名	菜单、菜谱
14☆	盛り付ける	もりつける	4	他一	装盘
15☆	ブーム  	boom	1	名	热潮、高潮
15	近年　  	きんねん	1	名	近年来
15☆	上る　 	のぼる	0	自五	逆流而上；达到、高达
15	年齢	ねんれい	0	名	年龄
15	読者　  	どくしゃ	1	名	读者
15☆	対象　  	たいしょう	0	名	对象
15	読物　  	よみもの	2	名	读物
15	年齢層　	ねんれいそう	3	名	年龄层
15☆	上昇	じょうしょう	0	名、自サ	上升、提高
15	発行　  	はっこう	0	名、他サ	发行、发放
15	単行本　	たんこうぼん	0	名	单行本
15	月間　  	げっかん	0	名	一月间
15	部数	ぶすう	2	名	册数、份数
15☆	出版物	しゅっぱんぶつ	3	名	出版物
15	伝達	でんたつ	0	名、他サ	传达、转达
15	佐藤　	さとう  	1	专	（姓氏）
15☆	ストレス  	stress	2	名	精神紧张
15	日常生活　  	にちじょうせいかつ	5	名	日常生活
15☆	束の間　  	つかのま	0	名	一瞬间、转眼之间
15	空想　	くうそう	0	名、他サ	空想、遐想
15☆	浸る　	ひたる	2	自五	浸、泡；沉浸
15	手段　	しゅだん	1	名	手段
15	さすがに  	さすがに	0	副	真不愧是；到底还是
15	大国　  	たいこく	0	名	大国
15	気分転換　  	きぶんてんかん	4	名	散散心
15	参考書　  	さんこうしょ	0	名	参考书
15	骨休め　  	ほねやすめ	3	名	休息
15	訓練	くんれん	1	名、他サ	训练
15	場　  	ば	0	名	场合；场所
15	形成　	けいせい	0	名、他サ	形成
15	人生観　  	じんせいかん	3	名	人生观
15	現実　  	げんじつ	0	名	现实
15	生き抜く	いきぬく	0	自五	活下去
15	現象　  	げんしょう	0	名	现象
15	当分	とうぶん	0	副	目前、暂时、一段时间
15☆	功罪　  	こうざい	0	名	功过
15	分析　	ぶんせき	0	名、他サ	分析、剖析
15	一目　 	ひとめ	2	名	一眼、一看
15	現代　 	げんだい	1	名	现代
15	受ける	うける	2	自一	受欢迎
15	利奈　  	りな	1	专	（人名）
15	理香　	りか	1	专	（人名）
15	ときめく  	ときめく	3	自五	激动得心砰砰地跳
15	決まって　  	きまって	0	名	一定是
15☆	戦闘	せんとう	0	副	战斗
15	恋愛　 	れんあい	0	名、自サ	恋爱
15☆	恋する　	こいする	3	自他サ	恋爱
15☆	低める　	ひくめる	3	他一	放低、降低
15	どうも 	どうも	1	副	总觉得；实在是
15☆	ルックス  	looks	0	名	容貌、仪表
15☆	才能　	さいのう	0	名	才能
15	雲の上　	くものうえ	1	名	天上、云上
15☆	シーン  	scene	1	名	一个场面、一个镜头
15☆	主催　  	しゅさい	0	名、他サ	主办、举办
15	開会　  	かいかい	0	名、自他サ	开会、开幕
15☆	埋まる	うまる	0	自五	埋着、挤满
15	聴衆　	ちょうしゅう	0	名	听众
15	主催者	しゅさいしゃ	2	名	主办者、主办单位
15	未満　	みまん	1	名	未满、不足
15☆	使い慣れる　	つかいなれる	5	他一	用惯、用热
15	認識　 	にんしき	0	名、他サ	认识、理解
15☆	絶好　  	ぜっこう	0	名	绝好、极好
15☆	趣旨　  	しゅし	1	名	宗旨；主要内容
15	いよいよ	いよいよ	2	副	终于、越发
15	演壇　  	えんだん	0	名	讲台、讲坛
15☆	インド	India	1	专	印度
15☆	オーストラリア 	Australia	5	专	澳大利亚
15	次次に　  	つぎつぎに	2	副	一个接一个
15☆	熱弁　  	ねつべん	0	名	热情的演说
15☆	奮う·振るう　	ふるう	0	他五	发挥、振奋
15	些か·聊か　	いささか	2	副	稍微、一点
15	番　  	ばん	1	名	依次、轮到
15	まごつく 	まごつく	0	自五	茫然不知所措
15☆	ユーモラス 	humor	1	形动	幽默的、滑稽的
15☆	引き付	ひきつける	4	他一	吸引
15	結論　	けつろん	0	名	结论
15	拍手　	はくしゅ	1	名、自サ	拍手、鼓掌
15	ほっと  	ほっと	0	副、自サ	放心
15	審査　	しんさ	1	名、他サ	审查
15	甲斐　  	かい	0	名	效果、价值
15☆	入賞	にゅうしょう	0	名、自サ	得奖、受赏
15	位　  	い	1	名	第…名
15	行事　  	ぎょうじ	1	名	仪式、活动
15	賞品　  	しょうひん	0	名	赏品、奖品
15	授与　	じゅよ	1	名、他サ	授予
15	講評	こうひょう	0	名、他サ	讲评
15	順位　  	じゅんい	1	名	位次、席次
15	集計　 	しゅうけい	0	名、他サ	总计、合计
15	減点	げんてん	0	名、自サ	扣分
15☆	張り切る　	はりきる	3	自五	干劲十足
16	全国紙　  	ぜんこくし	3	名	全国性报纸
16	地方紙　  	ちほうし	2	名	地方性报纸
16	専門紙　  	せんもんし	3	名	专业性报纸
16☆	日刊　  	にっかん	0	名	日刊
16☆	サッカー  	soccer	1	名	足球
16☆	メーカー  	maker	1	名	制造厂
16☆	ポスター  	poster	1	名	宣传画、广告画
16	クール  	cooler	1	形动	凉爽；冷淡
16	ハード 	hard	1	形动	紧张、艰苦、严厉
16☆	アクション  	action	1	名	动作、活动；演技
16☆	ダイレクト	direct	1	形动	直接
16	以上　  	いじょう	1	名	以上
16	押し付けがましい　 	おしつけがましい	7	形	强迫、强加于人
16☆	混乱　  	こんらん	0	名、自サ	混乱
16☆	ビジュアル	visual	1	形动	视觉的、直观的
16☆	アプリケーション  	application	4	名	应用；申请
16	用語　 	ようご	0	名	用词、措辞；术语
16	文書　 	ぶんしょ	1	名	文件
16	言い換える	いいがえる	3	他一	换句话说
16	動き　  	うごき	0	名	动向
16☆	コンセンサス  	consensus	3	名	双方意见达成一致
16	インキュベーション 	incubation	4	名	帮助创业
16☆	障壁　	しょうへき	0	名	障碍、间隔
16	無し	なし	1	形	没有
16	生涯　  	しょうがい	1	名	终生；生活
16	過程　  	かてい	0	名	过程
16☆	定着　  	ていちゃく	0	名、自サ	固定；定论
16	今さら　  	いまさら	0	副	事已至此、事到如今
16☆	違和感　  	いわかん	2	名	不协调感
16	金メダル　	きんmedal	3	名	金牌
16	相模湾　	さがみわん	3	专	（地名）
16	キエル  	Kihel	1	名	基尔（人名）
16	選手	せんしゅ	1	名	选手
16☆	ベテラン  	veteran	0	名	老手
16	ヨット  	yacht	1	名	快艇
16	波　 	なみ	2	名	波浪
16	グループ  	group	2	名	小组
16	びくとも	びくとも	1	副	（下接否定）处之泰然
16	コース  	course	1	名	路线；课程
16	艇	てい	1	名	小舟
16☆	傾く　 	かたむく	3	自五	倾斜、偏
16	支えづな　  	ささえづな	3	名	支撑绳索
16☆	迫る　	せまる	2	自五	逼近、迫近
16	はっと	はっと	0	副、自サ	吃惊
16☆	仰向け　  	あおむけ	0	名	仰面朝天
16	帆　 	ほ	1	名	帆
16	抛り出す	ほうりだす	4	他五	跑出去、扔出去
16☆	波間　  	なみま	3	名	波浪之间
16	消える	きえる	0	自一	消失
16	マスト	mast	1	名	桅杆
16	へばりつく  	へばりつく	2	自五	紧贴、沾上
16☆	命　	いのち	1	名	性命、命
16	急旋回	きゅうせんかい	3	名、自他サ	急旋转
16☆	風速　  	ふうそく	0	名	风速
16	煽る　	あおる	2	他五	（风）吹动；哄抬、煽动
16	横こたおし　 	よこたおし	0	名	横倒、翻倒
16	しまった  	しまった	2	叹	糟了
16	助ける	たすける	3	他一	帮助
16☆	真っ青　 	まっさお	3	形动	（脸色）苍白；蔚蓝
16	そば 	そば	1	名	旁边
16	通り抜ける　	とおりぬける	5	自一	穿过
16	咄嗟 	とっさ	0	名	瞬间
16☆	勝つ　  	かつ	1	自五	胜、获胜
16	走り抜ける　	はしりぬける	5	自一	驶过
16	調子　  	ちょうし	0	名	情况、样子
16	俺達　  	おれたち	2	名	俺们、咱们
16☆	役目　	やくめ	3	名	职责、作用
16	一気に	いっきに	1	副	一口气
16	晒す	さらす	0	他五	暴露；暴晒
16	見過ごす　  	みすごす	0	他五	置之不问；看漏
16	一瞬　  	いっしゅん	0	名	一刹那
16☆	行き交う	ゆきかう	3	自五	往来
16	見合わせる	みあわせる	4	他一	互看
16	ちらっと　 	ちらっと	2	副	一闪；隐约
16	中断	ちゅうだん	0	名、自他サ	中断
16☆	揉む	もむ	0	他五	（许多人）互相推挤
16	さっと	さっと	1	副	（形容极迅速）一下子
16	ロープ  	rope	1	名	绳索、绳缆
16☆	無事　  	ぶじ	0	名、形动	平安、太平无事
16	救助　 	きゅうじょ	1	名、他サ	救助、救护
16	送り届ける　	おくりとどける	6	他一	送到、送达
16☆	再び　	ふたたび	0	副	再次
16	ゴール  	goal	1	名	终点、球门
16☆	駆け寄る　	かけよる	0	自五	跑进
16	精神 	せいしん	1	名	精神
16☆	誉め称える	ほめたたえる	5	他一	极力称赞
17	入場券　  	にゅうじょうけん	3	名	入场卷、门票
17	見回す	みまわす	0	他五	环视
17	見つかる	みつかる	0	自五	被发现、找到
17	並ぶ　  	ならぶ	0	自五	排、列队
17	腰掛ける　	こしかける	4	自一	坐下
17☆	映る	うつる	2	自五	映入、映出
17	劇映画　	げきえいが	3	名	故事片
17	女優　	じょゆ	0	名	女演员
17☆	筋　  	すじ	1	名	情节
17	所々　  	ところどころ	4	名	多处、到处
17	上映　  	じょうえい	0	名、他サ	放映、上映
17	演じる	えんじる	0	他一	表演、扮演
17	魅力的　	みりょくてき	0	形动	富有魅力的
17	賞　  	しょう	1	名	奖、奖品
17☆	男優　  	だんゆう	0	名	男演员
17	父親　 	ちちおや	0	名	父亲
17	印象的	いんしょうてき	0	形动	印象深刻
17☆	ストーリー  	story	2	名	情节、梗概、故事
17	愛媛　  	えひめ	1	专	（地名）
17	広告	こうこく	0	名	广告
17	代理店　	だいりてん	3	名	代理店
17	永尾完治　  	ながおかんじ	0,1	专	（人名）
17	赤名リカ　 	あかなリカ	0,1	专	（人名）
17	親友	しんゆう	0	名	好朋友
17	医学生　  	いがくせい	3	名	一大学生
17	三上健一　 	みかみけんいち	0+0	专	（人名）
17☆	長年	ながねん	0	名	多年
17☆	憧れ　	あこがれ	0	名	向往
17	関口里美　  	せきぐちさとみ	2+0	专	（人名）
17☆	織り成す　	おりなす	3	他五	织成；交织成
17☆	ドラマ  	drama	1	名	剧；喜剧
17☆	育ち	そだち	3	名	生长
17☆	一途 	いちず	2	形动	一心一意地
17	打ち明ける　	うちあける	4	他一	打开心扉
17☆	奔放　 	ほんぽう	0	名、形动	奔放的
17	振り回す	ふりまわす	4	他五	挥舞；随意摆动
17☆	破局　  	はきょく	0	名	悲惨的结局
17	最終的　  	さいしゅうてき	0	形动	最终的?
17	和賀夏樹 	かずがなつき	0+0	专	（人名）
17	身篭る	みごもる	3	自五	怀孕
17☆	描く　 	えがく	2	他五	描写
17	抽象的　 	ちゅうしょうてき	0	形动	抽象的
17☆	葛藤　  	かっとう	0	名	纠葛、纠纷
17	わしづかみ  	わしづかみ	3,0	名	大把地抓
17	代表的	だいひょうてき	0	形动	代表性的、典型的
17	ホール  	hall	1	名	门厅、大厅
17	移る　	うつる	2	自五	移动
17☆	寝坊　  	ねぼう	0	名、自サ	睡懒觉
17	目覚まし　  	めざまし	2	名	闹钟
17☆	パジャマ  	pajamas	1	名	睡衣
17☆	毛布　  	もうふ	1	名	毯子
17☆	包まる	くるまる	3	包裹着	自五
17☆	悔しい　 	くやしい	3	形	悔恨的、窝心的
17	キス 	kiss	2	名、自サ	接吻
17☆	キャンドル  	candle	1	名	蜡烛；烛光
17☆	灯す	ともす	2	他五	点亮
17☆	蝋燭　  	ろうそく	3	名	蜡烛
17☆	初恋　  	はつこい	0	名	初恋
17☆	一目惚れ　  	ひとめぼれ	0	名	一见钟情
17	事件　  	じけん	1	名	事件
17	吹き消す	ふきけす	3	他五	吹灭
17	シャンパン 	champagne	3	名	春槟
18	高まる　 	たかまる	3	自五	提高、高涨
18☆	膨大	ぼうだい	0	形动	庞大、巨大
18☆	達する	たっする	0	自他サ	到达；达到
18	人種　  	じんしゅ	0	名	某种人；人种
18☆	刺す　 	さす	1	他五	刺杀、行刺
18☆	重傷	じゅうしょう	0	名	重伤
18☆	負う　	おう	0	他五	负；背
18	真似る　	まねる	0	他一	模仿、仿效
18☆	一概に　	いちがいに	2	副	一概、笼统地
18	どれほど  	何等、多么	0	副	どれほど
18☆	ギャング 	gang	1	名	强盗
18	大けが　  	おおけが	3	名	重伤、上的厉害
18	漸く　	ようやく	0	副	好容易、渐渐地
18	これだけ  	これだけ	4	名、副	这么些；唯有这个
18	使いこなす　	つかいこなす	5	他五	熟练掌握、运用自如
18☆	賢い　	かしこい	3	形	聪明
18	一度 	いちど	0	名	一次
18☆	癖　  	くせ	2	名	习惯、习气
18☆	親父　  	おやじ	0	名	父亲、老头子
18	到底　  	とうてい	0	副	（下接否定）怎么也…
18	奴　  	やつ	1	名	（蔑指）人、家伙
18	修理	しゅうり	1	名、他サ	修缮、修理
18☆	トランプ  	trump	2	名	扑克牌
18	一学期　	いちがっき	3	名	一学期
18	なんとなく	なんとなく	4	副	总觉得、无意中
18☆	チャンネル  	channel	0	名	频道
18☆	奴隷	どれい	0	名	奴隶
18☆	人物　  	じんぶつ	1	名	人物
18	大活躍　  	だいかつやく	4	名、自サ	活跃、大显身手
18	はらはら  	はらはら	1	副、自サ	非常担心的样子
18	図　  	ず	0	名	图表、图
18☆	望遠鏡　  	ぼうえんきょう	0	名	望远镜
18	放送局　	ほうそうきょく	3	名	广播事业局
18☆	殺す	ころす	0	他五	杀
18☆	歌謡曲　	かようきょく	2	名	流行歌曲
18	キャーキャー 	キャーキャー	1	副	（吵闹声）积极嘎嘎
18	極　	ごく	1	副	极其
18☆	寝不足　  	ねぶそく	2	名	睡眠不足
18☆	眠たい　 	ねむたい	0	形	困倦的、想睡觉的
18☆	視力　 	しりょく	1	名	视力
18☆	衰える	おとろえる	4	自一	衰弱、衰退
18☆	引き回す	ひきまわす	4	他五	领着…到处游逛、拖着转
18	計画的	けいかくてき	0	形动	有计划的
18	パチッと 	パチッと	2	名	吧嗒一声
18☆	積極的　	せっきょくてき	0	形动	积极地
